date,location_id,meal,station,item_name,section_type
2026-03-25,bruin_cafe,Extended Dinner,Bruin Waffle Plate,Bruin Waffle Plate,static
2026-03-25,bruin_cafe,Extended Dinner,Parfait Fresh Berry,Parfait Fresh Berry,static
2026-03-25,bruin_cafe,Extended Dinner,Parfait Oatmeal Blueberry & Apple,Parfait Oatmeal Blueberry & Apple,static
2026-03-25,bruin_cafe,Extended Dinner,Fresh Fruit Cup,Fresh Fruit Cup,static
2026-03-25,bruin_cafe,Extended Dinner,Oatmeal,Oatmeal,static
2026-03-25,bruin_cafe,Extended Dinner,Instant Oatmeal - Baked Apple,Instant Oatmeal - Baked Apple,static
2026-03-25,bruin_cafe,Extended Dinner,Multi Grain Cheerios,Multi Grain Cheerios,static
2026-03-25,bruin_cafe,Extended Dinner,Cheerios Cereal,Cheerios Cereal,static
2026-03-25,bruin_cafe,Extended Dinner,Honey Nut Cheerios Cereal,Honey Nut Cheerios Cereal,static
2026-03-25,bruin_cafe,Extended Dinner,Lucky Charms Cereal,Lucky Charms Cereal,static
2026-03-25,bruin_cafe,Extended Dinner,Cinnamon Toast Crunch Cereal,Cinnamon Toast Crunch Cereal,static
2026-03-25,bruin_cafe,Extended Dinner,Cocoa Puffs,Cocoa Puffs,static
2026-03-25,bruin_cafe,Extended Dinner,Trix Cereal,Trix Cereal,static
2026-03-25,bruin_cafe,Extended Dinner,Rice Chex Cereal,Rice Chex Cereal,static
2026-03-25,bruin_cafe,Extended Dinner,Plain Chicken Wings,Plain Chicken Wings,static
2026-03-25,bruin_cafe,Extended Dinner,Frank's RedHot® Chicken Wings,Frank's RedHot® Chicken Wings,static
2026-03-25,bruin_cafe,Extended Dinner,Lemon Pepper Chicken Wings,Lemon Pepper Chicken Wings,static
2026-03-25,bruin_cafe,Extended Dinner,Szechuan Chicken Wings,Szechuan Chicken Wings,static
2026-03-25,bruin_cafe,Extended Dinner,Wedge Cut Fries,Wedge Cut Fries,static
2026-03-25,bruin_cafe,Extended Dinner,Ham & Swiss Sandwich,Ham & Swiss Sandwich,static
2026-03-25,bruin_cafe,Extended Dinner,Roasted Turkey & Provolone Sandwich,Roasted Turkey & Provolone Sandwich,static
2026-03-25,bruin_cafe,Extended Dinner,Smoky BBQ Sandwich,Smoky BBQ Sandwich,static
2026-03-25,bruin_cafe,Extended Dinner,BBQ Beef Brisket Sandwich,BBQ Beef Brisket Sandwich,static
2026-03-25,bruin_cafe,Extended Dinner,Chicken Ranch & Swiss Sandwich,Chicken Ranch & Swiss Sandwich,static
2026-03-25,bruin_cafe,Extended Dinner,The Cuban Sandwich,The Cuban Sandwich,static
2026-03-25,bruin_cafe,Extended Dinner,Chipotle BBQ Turkey Sandwich,Chipotle BBQ Turkey Sandwich,static
2026-03-25,bruin_cafe,Extended Dinner,Chicken Caesar Sandwich,Chicken Caesar Sandwich,static
2026-03-25,bruin_cafe,Extended Dinner,Roasted Salmon Sandwich,Roasted Salmon Sandwich,static
2026-03-25,bruin_cafe,Extended Dinner,Pastrami & Swiss Sandwich,Pastrami & Swiss Sandwich,static
2026-03-25,bruin_cafe,Extended Dinner,Chicken Pesto Sandwich,Chicken Pesto Sandwich,static
2026-03-25,bruin_cafe,Extended Dinner,Roasted Portobello Mushroom Sandwich,Roasted Portobello Mushroom Sandwich,static
2026-03-25,bruin_cafe,Extended Dinner,Buffalo Chicken Sandwich,Buffalo Chicken Sandwich,static
2026-03-25,bruin_cafe,Extended Dinner,Cheesesteak,Cheesesteak,static
2026-03-25,bruin_cafe,Extended Dinner,Vegan Chicken Caesar Sandwich,Vegan Chicken Caesar Sandwich,static
2026-03-25,bruin_cafe,Extended Dinner,Chipotle BBQ Sandwich,Chipotle BBQ Sandwich,static
2026-03-25,bruin_cafe,Extended Dinner,Havana Press Sandwich,Havana Press Sandwich,static
2026-03-25,bruin_cafe,Extended Dinner,"Roasted Garden ""Salmon"" Sandwich","Roasted Garden ""Salmon"" Sandwich",static
2026-03-25,bruin_cafe,Extended Dinner,Vegetarian Chicken Ranch & Swiss Sandwich,Vegetarian Chicken Ranch & Swiss Sandwich,static
2026-03-25,bruin_cafe,Extended Dinner,Vegetarian Pastrami & Swiss Sandwich,Vegetarian Pastrami & Swiss Sandwich,static
2026-03-25,bruin_cafe,Extended Dinner,Vegetarian Ham & Swiss Sandwich,Vegetarian Ham & Swiss Sandwich,static
2026-03-25,bruin_cafe,Extended Dinner,Chicken Parmesan Sandwich,Chicken Parmesan Sandwich,static
2026-03-25,bruin_cafe,Extended Dinner,Vegetarian Cobb Salad,Vegetarian Cobb Salad,static
2026-03-25,bruin_cafe,Extended Dinner,Mixed Green Salad,Mixed Green Salad,static
2026-03-25,bruin_cafe,Extended Dinner,Asian Wonton Salad,Asian Wonton Salad,static
2026-03-25,bruin_cafe,Extended Dinner,Caesar Salad,Caesar Salad,static
2026-03-25,bruin_cafe,Extended Dinner,Chopped Mediterranean Salad,Chopped Mediterranean Salad,static
2026-03-25,bruin_cafe,Extended Dinner,Chicken Noodle Soup,Chicken Noodle Soup,static
2026-03-25,bruin_cafe,Extended Dinner,Creamy Tomato Basil Soup,Creamy Tomato Basil Soup,static
2026-03-25,bruin_cafe,Extended Dinner,Peanut Butter & Strawberry Preserves Sandwich,Peanut Butter & Strawberry Preserves Sandwich,static
2026-03-25,bruin_cafe,Extended Dinner,Avocado BLT Sandwich,Avocado BLT Sandwich,static
2026-03-25,bruin_cafe,Extended Dinner,Tuna Salad Croissant Sandwich,Tuna Salad Croissant Sandwich,static
2026-03-25,bruin_cafe,Extended Dinner,Turkey & Provolone Sandwich,Turkey & Provolone Sandwich,static
2026-03-25,bruin_cafe,Extended Dinner,Ham & Swiss Sandwich,Ham & Swiss Sandwich,static
2026-03-25,bruin_cafe,Extended Dinner,Italian Sandwich,Italian Sandwich,static
2026-03-25,bruin_cafe,Extended Dinner,Gluten Free Turkey & Provolone Sandwich,Gluten Free Turkey & Provolone Sandwich,static
2026-03-25,bruin_cafe,Extended Dinner,Gluten Free Italian Sandwich,Gluten Free Italian Sandwich,static
2026-03-25,bruin_cafe,Extended Dinner,Gluten Free Avocado BLT Sandwich,Gluten Free Avocado BLT Sandwich,static
2026-03-25,bruin_cafe,Extended Dinner,1/2 Turkey & Provolone Sandwich,1/2 Turkey & Provolone Sandwich,static
2026-03-25,bruin_cafe,Extended Dinner,1/2 Ham & Swiss Sandwich,1/2 Ham & Swiss Sandwich,static
2026-03-25,bruin_cafe,Extended Dinner,Chicken Caesar Salad,Chicken Caesar Salad,static
2026-03-25,bruin_cafe,Extended Dinner,Vegetarian Cobb Salad,Vegetarian Cobb Salad,static
2026-03-25,bruin_cafe,Extended Dinner,Caesar Salad,Caesar Salad,static
2026-03-25,bruin_cafe,Extended Dinner,Asian Chicken Salad,Asian Chicken Salad,static
2026-03-25,bruin_cafe,Extended Dinner,Asian Wonton Salad,Asian Wonton Salad,static
2026-03-25,bruin_cafe,Extended Dinner,Nut Free Asian Wonton Salad,Nut Free Asian Wonton Salad,static
2026-03-25,bruin_cafe,Extended Dinner,BBQ Chicken Salad,BBQ Chicken Salad,static
2026-03-25,bruin_cafe,Extended Dinner,Mixed Green Salad,Mixed Green Salad,static
2026-03-25,bruin_cafe,Extended Dinner,Forbidden Rice Grain Bowl with Shrimp,Forbidden Rice Grain Bowl with Shrimp,static
2026-03-25,bruin_cafe,Extended Dinner,Quinoa Grain Bowl with Chicken,Quinoa Grain Bowl with Chicken,static
2026-03-25,bruin_cafe,Extended Dinner,Peanut Butter and Egg Protein Box,Peanut Butter and Egg Protein Box,static
2026-03-25,bruin_cafe,Extended Dinner,Crudite Box,Crudite Box,static
2026-03-25,bruin_cafe,Extended Dinner,Caesar Wrap,Caesar Wrap,static
2026-03-25,bruin_cafe,Extended Dinner,Chicken Caesar Wrap,Chicken Caesar Wrap,static
2026-03-25,bruin_cafe,Extended Dinner,Roasted Vegetable & Ricotta Cheese Wrap,Roasted Vegetable & Ricotta Cheese Wrap,static
2026-03-25,bruin_cafe,Extended Dinner,Vegan Caesar Dressing,Vegan Caesar Dressing,static
2026-03-25,bruin_cafe,Extended Dinner,Ranch Dressing,Ranch Dressing,static
2026-03-25,bruin_cafe,Extended Dinner,Balsamic Vinaigrette,Balsamic Vinaigrette,static
2026-03-25,bruin_cafe,Extended Dinner,Red Wine Vinaigrette,Red Wine Vinaigrette,static
2026-03-25,bruin_cafe,Extended Dinner,Asian Salad Dressing,Asian Salad Dressing,static
2026-03-25,bruin_cafe,Extended Dinner,Strawberry Sensation Smoothie,Strawberry Sensation Smoothie,static
2026-03-25,bruin_cafe,Extended Dinner,Mango Madness Smoothie,Mango Madness Smoothie,static
2026-03-25,bruin_cafe,Extended Dinner,Caribbean Island Smoothie,Caribbean Island Smoothie,static
2026-03-25,bruin_cafe,Extended Dinner,Bruin Fresh Smoothie,Bruin Fresh Smoothie,static
2026-03-25,bruin_cafe,Extended Dinner,Smoothie #15: Chocolate Banana,Smoothie #15: Chocolate Banana,static
2026-03-25,bruin_cafe,Extended Dinner,Smoothie #06: Alooooha,Smoothie #06: Alooooha,static
2026-03-25,bruin_cafe,Extended Dinner,Café Latte,Café Latte,static
2026-03-25,bruin_cafe,Extended Dinner,Vanilla Latte,Vanilla Latte,static
2026-03-25,bruin_cafe,Extended Dinner,Mocha Latte,Mocha Latte,static
2026-03-25,bruin_cafe,Extended Dinner,Caramel Latte,Caramel Latte,static
2026-03-25,bruin_cafe,Extended Dinner,Chai Tea Latte,Chai Tea Latte,static
2026-03-25,bruin_cafe,Extended Dinner,Brewed Coffee,Brewed Coffee,static
2026-03-25,bruin_cafe,Extended Dinner,Espresso,Espresso,static
2026-03-25,bruin_cafe,Extended Dinner,Café Caramel,Café Caramel,static
2026-03-25,bruin_cafe,Extended Dinner,Café Mocha,Café Mocha,static
2026-03-25,bruin_cafe,Extended Dinner,Café Vanilla,Café Vanilla,static
2026-03-25,bruin_cafe,Extended Dinner,Brewed Tea,Brewed Tea,static
2026-03-25,bruin_cafe,Extended Dinner,White Chocolate Latte,White Chocolate Latte,static
2026-03-25,bruin_cafe,Extended Dinner,Cappuccino,Cappuccino,static
2026-03-25,bruin_cafe,Extended Dinner,Hot Chocolate,Hot Chocolate,static
2026-03-25,bruin_cafe,Extended Dinner,Hot Vanilla,Hot Vanilla,static
2026-03-25,bruin_cafe,Extended Dinner,Horchata Latte,Horchata Latte,static
2026-03-25,bruin_cafe,Extended Dinner,Tea Latte,Tea Latte,static
2026-03-25,bruin_cafe,Extended Dinner,Americano,Americano,static
2026-03-25,bruin_cafe,Extended Dinner,Oatmeal Raisin Cookie,Oatmeal Raisin Cookie,static
2026-03-25,bruin_cafe,Extended Dinner,Chocolate Chip Cookie,Chocolate Chip Cookie,static
2026-03-25,bruin_cafe,Extended Dinner,Chocolate Croissant,Chocolate Croissant,static
2026-03-25,bruin_cafe,Extended Dinner,Butter Croissant,Butter Croissant,static
2026-03-25,bruin_cafe,Extended Dinner,Apple Turnover,Apple Turnover,static
2026-03-25,bruin_cafe,Extended Dinner,Cheese Danish,Cheese Danish,static
2026-03-25,bruin_cafe,Extended Dinner,Red Velvet Cake,Red Velvet Cake,static
2026-03-25,bruin_cafe,Extended Dinner,Banana Walnut Muffin,Banana Walnut Muffin,static
2026-03-25,bruin_cafe,Extended Dinner,Funfetti Butter Cream Cupcake,Funfetti Butter Cream Cupcake,static
2026-03-25,bruin_cafe,Extended Dinner,Mocha Muffin,Mocha Muffin,static
2026-03-25,bruin_cafe,Extended Dinner,Blueberry Muffin,Blueberry Muffin,static
2026-03-25,bruin_cafe,Extended Dinner,Passion Fruit Chocolate Tart,Passion Fruit Chocolate Tart,static
2026-03-25,bruin_cafe,Extended Dinner,Island Chia Pudding,Island Chia Pudding,static
2026-03-25,bruin_cafe,Extended Dinner,Triple Chocolate Mousse Verrine,Triple Chocolate Mousse Verrine,static
2026-03-25,bruin_cafe,Extended Dinner,Plain Bagel,Plain Bagel,static
2026-03-25,bruin_cafe,Extended Dinner,Everything Bagels,Everything Bagels,static
2026-03-25,bruin_cafe,Extended Dinner,Whole Wheat Bagel,Whole Wheat Bagel,static
2026-03-25,bruin_cafe,Extended Dinner,Fresh Fruit Cup,Fresh Fruit Cup,static
2026-03-25,bruin_cafe,Extended Dinner,Parfait Fresh Berry,Parfait Fresh Berry,static
2026-03-25,bruin_cafe,Extended Dinner,Parfait Oatmeal Blueberry & Apple,Parfait Oatmeal Blueberry & Apple,static
2026-03-25,bruin_cafe,Extended Dinner,Oatmeal Raisin Cookie,Oatmeal Raisin Cookie,static
2026-03-25,bruin_cafe,Extended Dinner,Chocolate Chip Cookie,Chocolate Chip Cookie,static
2026-03-25,bruin_cafe,Extended Dinner,Banana,Banana,static
2026-03-25,bruin_cafe,Extended Dinner,Fuji Apple,Fuji Apple,static
2026-03-25,bruin_cafe,Extended Dinner,Granny Smith Apple,Granny Smith Apple,static
2026-03-25,bruin_cafe,Extended Dinner,Oranges,Oranges,static
2026-03-25,bruin_cafe,Extended Dinner,BBQ Kettle Chips,BBQ Kettle Chips,static
2026-03-25,bruin_cafe,Extended Dinner,Sea Salt Kettle Chips,Sea Salt Kettle Chips,static
2026-03-25,bruin_cafe,Extended Dinner,Smartfood White Cheddar Popcorn,Smartfood White Cheddar Popcorn,static
2026-03-25,bruin_cafe,Extended Dinner,Original Lays Baked Chips,Original Lays Baked Chips,static
2026-03-25,bruin_cafe,Extended Dinner,Jalapeno Kettle Chips,Jalapeno Kettle Chips,static
2026-03-25,bruin_plate,Breakfast,Freshly Bowled,"Tri-Tip, Cardamom Brown Rice, & Poached Egg Bowl",rotating
2026-03-25,bruin_plate,Breakfast,Harvest,Tofu Benedict w/ Corn Hollandaise,rotating
2026-03-25,bruin_plate,Breakfast,Harvest,Scrambled Eggs,rotating
2026-03-25,bruin_plate,Breakfast,Harvest,Scrambled Egg Whites,rotating
2026-03-25,bruin_plate,Breakfast,Harvest,Vegan Scrambled Eggs,rotating
2026-03-25,bruin_plate,Breakfast,Harvest,Roasted Red Breakfast Potato Wedges,rotating
2026-03-25,bruin_plate,Breakfast,Harvest,Turkey Bacon,rotating
2026-03-25,bruin_plate,Breakfast,Stone Fired,Oat & Whole Wheat Waffle,rotating
2026-03-25,bruin_plate,Breakfast,Stone Fired,Pear-Date Compote,rotating
2026-03-25,bruin_plate,Breakfast,Stone Fired,Waffle,rotating
2026-03-25,bruin_plate,Breakfast,Simply Grilled,Vegan Pancake,rotating
2026-03-25,bruin_plate,Breakfast,Simply Grilled,Simply Grilled Special,rotating
2026-03-25,bruin_plate,Breakfast,Fruit,Cantaloupe,rotating
2026-03-25,bruin_plate,Breakfast,Fruit,Grapefruit,rotating
2026-03-25,bruin_plate,Breakfast,Fruit,Green Grapes,rotating
2026-03-25,bruin_plate,Breakfast,Fruit,Red Grapes,rotating
2026-03-25,bruin_plate,Breakfast,Fruit,Kiwi,rotating
2026-03-25,bruin_plate,Breakfast,Fruit,Blood Orange,rotating
2026-03-25,bruin_plate,Breakfast,Fruit,Cara Cara Orange,rotating
2026-03-25,bruin_plate,Breakfast,Fruit,Pineapple,rotating
2026-03-25,bruin_plate,Breakfast,Sweet Bites,Multi-Grain Bread,rotating
2026-03-25,bruin_plate,Breakfast,Sweet Bites,Raisin Walnut Bread,rotating
2026-03-25,bruin_plate,Breakfast,Sweet Bites,Whole Wheat Sourdough Bread,rotating
2026-03-25,bruin_plate,Breakfast,Sweet Bites,Boston Brown Quickbread,rotating
2026-03-25,bruin_plate,Breakfast,Sweet Bites,Cranberry Orange Bread,rotating
2026-03-25,bruin_plate,Breakfast,Sweet Bites,Almond Cashew Butter,rotating
2026-03-25,bruin_plate,Breakfast,Sweet Bites,Pear-Date Compote,rotating
2026-03-25,bruin_plate,Breakfast,Sweet Bites,Chocolate Peanut Butter,rotating
2026-03-25,bruin_plate,Breakfast,Sweet Bites,Nopales & Vanilla Marmalade,rotating
2026-03-25,bruin_plate,Breakfast,Beverage Special,Passion Fruit & Orange Water,rotating
2026-03-25,bruin_plate,Breakfast,Cereal / Oatmeal,Oatmeal,rotating
2026-03-25,bruin_plate,Breakfast,Cereal / Oatmeal,White Polenta,rotating
2026-03-25,bruin_plate,Breakfast,Sweet Bites,Kale & Banana Smoothie,rotating
2026-03-25,bruin_plate,Breakfast,Sweet Bites,Peanut Butter & Oat Smoothie,rotating
2026-03-25,bruin_plate,Breakfast,Sweet Bites,Tropical Tofu Smoothie,rotating
2026-03-25,bruin_plate,Breakfast,Sweet Bites,Chocolate Granola & Strawberry Parfait,rotating
2026-03-25,bruin_plate,Breakfast,Sweet Bites,"Granola, Oatmeal, & Apple Parfait",rotating
2026-03-25,bruin_plate,Breakfast,Sweet Bites,"Berry, Pineapple, & Toasted Quinoa Parfait",rotating
2026-03-25,bruin_plate,Breakfast,Sweet Bites,Turkey Bacon Cheddar Chive Scone,rotating
2026-03-25,bruin_plate,Breakfast,Sweet Bites,BYO Green Tea Frozen Yogurt,rotating
2026-03-25,bruin_plate,Breakfast,Sweet Bites,BYO Green Tea Greek Yogurt,rotating
2026-03-25,bruin_plate,Lunch,Soups,Chicken Tortilla Soup,rotating
2026-03-25,bruin_plate,Lunch,Soups,Tuscan Bean Soup,rotating
2026-03-25,bruin_plate,Lunch,Freshly Bowled,"Cajun Tofu, Polenta, & Spinach Bowl",rotating
2026-03-25,bruin_plate,Lunch,Freshly Bowled,"Plantain, White Bean, Quinoa, & Swiss Chard Bowl",rotating
2026-03-25,bruin_plate,Lunch,Harvest,"Salmon, Dill Goat Cheese, & Cucumber Stacker",rotating
2026-03-25,bruin_plate,Lunch,Harvest,Roasted Cauliflower & Veggie Wrap,rotating
2026-03-25,bruin_plate,Lunch,Farmstand,Frijoles de la Olla,rotating
2026-03-25,bruin_plate,Lunch,Farmstand,Brown Calrose Rice,rotating
2026-03-25,bruin_plate,Lunch,Farmstand,"Mixed Grains--Farro, Wheatberry, & Brown Rice",rotating
2026-03-25,bruin_plate,Lunch,Farmstand,"Roasted Parsnips, Carrots, & Onions",rotating
2026-03-25,bruin_plate,Lunch,Farmstand,Sauteed Bok Choy,rotating
2026-03-25,bruin_plate,Lunch,Stone Fired,Spicy Pork Tortilla Pizza,rotating
2026-03-25,bruin_plate,Lunch,Stone Fired,Piquillo Pepper Flatbread w/ Eggplant & Goat Cheese,rotating
2026-03-25,bruin_plate,Lunch,Simply Grilled,Fennel Coriander Marinated Grilled Chicken Thigh,rotating
2026-03-25,bruin_plate,Lunch,Simply Grilled,Spinach & White Bean Stacker w/ Arugula,rotating
2026-03-25,bruin_plate,Lunch,Simply Grilled,Grilled Kennebec Potato,rotating
2026-03-25,bruin_plate,Lunch,Fruit,Cantaloupe,rotating
2026-03-25,bruin_plate,Lunch,Fruit,Green Grapes,rotating
2026-03-25,bruin_plate,Lunch,Fruit,Red Grapes,rotating
2026-03-25,bruin_plate,Lunch,Fruit,Kiwi,rotating
2026-03-25,bruin_plate,Lunch,Fruit,Blood Orange,rotating
2026-03-25,bruin_plate,Lunch,Fruit,Cara Cara Orange,rotating
2026-03-25,bruin_plate,Lunch,Fruit,Pineapple,rotating
2026-03-25,bruin_plate,Lunch,Sweet Bites,Multi-Grain Bread,rotating
2026-03-25,bruin_plate,Lunch,Sweet Bites,Raisin Walnut Bread,rotating
2026-03-25,bruin_plate,Lunch,Sweet Bites,Whole Wheat Sourdough Bread,rotating
2026-03-25,bruin_plate,Lunch,Sweet Bites,Zucchini Chocolate Bar,rotating
2026-03-25,bruin_plate,Lunch,Sweet Bites,Boston Brown Quickbread,rotating
2026-03-25,bruin_plate,Lunch,Sweet Bites,Cranberry Orange Bread,rotating
2026-03-25,bruin_plate,Lunch,Sweet Bites,Almond Cashew Butter,rotating
2026-03-25,bruin_plate,Lunch,Sweet Bites,Pear-Date Compote,rotating
2026-03-25,bruin_plate,Lunch,Sweet Bites,Chocolate Peanut Butter,rotating
2026-03-25,bruin_plate,Lunch,Sweet Bites,Citrus Marmalade,rotating
2026-03-25,bruin_plate,Lunch,Sweet Bites,Nopales & Vanilla Marmalade,rotating
2026-03-25,bruin_plate,Lunch,Beverage Special,Passion Fruit & Orange Water,rotating
2026-03-25,bruin_plate,Lunch,Beverage Special,Apple Spritzer,rotating
2026-03-25,bruin_plate,Lunch,Beverage Special,Cranberry Spritzer,rotating
2026-03-25,bruin_plate,Lunch,Beverage Special,Orange Spritzer,rotating
2026-03-25,bruin_plate,Dinner,Soups,Chicken Tortilla Soup,rotating
2026-03-25,bruin_plate,Dinner,Soups,Tuscan Bean Soup,rotating
2026-03-25,bruin_plate,Dinner,Freshly Bowled,"Chickpea Panisse, Mixed Grains, & Rapini Bowl",rotating
2026-03-25,bruin_plate,Dinner,Freshly Bowled,"Rotini, Pesto, & Kale Bowl",rotating
2026-03-25,bruin_plate,Dinner,Harvest,Sherry Chicken with Pearl Onion,rotating
2026-03-25,bruin_plate,Dinner,Harvest,Quinoa-Mushroom Lasagna with Tofu Ricotta,rotating
2026-03-25,bruin_plate,Dinner,Farmstand,Frijoles de la Olla,rotating
2026-03-25,bruin_plate,Dinner,Farmstand,Brown Calrose Rice,rotating
2026-03-25,bruin_plate,Dinner,Farmstand,Barley Pilaf,rotating
2026-03-25,bruin_plate,Dinner,Farmstand,Roasted Brussels Sprouts,rotating
2026-03-25,bruin_plate,Dinner,Farmstand,Sauteed Spinach & Kale,rotating
2026-03-25,bruin_plate,Dinner,Stone Fired,Spicy Pork Tortilla Pizza,rotating
2026-03-25,bruin_plate,Dinner,Stone Fired,Piquillo Pepper Flatbread w/ Eggplant & Goat Cheese,rotating
2026-03-25,bruin_plate,Dinner,Simply Grilled,Grilled Santa Maria Tri-Tip,rotating
2026-03-25,bruin_plate,Dinner,Simply Grilled,Housemade Steak Sauce,rotating
2026-03-25,bruin_plate,Dinner,Simply Grilled,Grilled Persian Style Tofu,rotating
2026-03-25,bruin_plate,Dinner,Simply Grilled,Roasted Garlic Mofongo,rotating
2026-03-25,bruin_plate,Dinner,Fruit,Cantaloupe,rotating
2026-03-25,bruin_plate,Dinner,Fruit,Green Grapes,rotating
2026-03-25,bruin_plate,Dinner,Fruit,Red Grapes,rotating
2026-03-25,bruin_plate,Dinner,Fruit,Kiwi,rotating
2026-03-25,bruin_plate,Dinner,Fruit,Blood Orange,rotating
2026-03-25,bruin_plate,Dinner,Fruit,Cara Cara Orange,rotating
2026-03-25,bruin_plate,Dinner,Fruit,Pineapple,rotating
2026-03-25,bruin_plate,Dinner,Sweet Bites,Multi-Grain Bread,rotating
2026-03-25,bruin_plate,Dinner,Sweet Bites,Raisin Walnut Bread,rotating
2026-03-25,bruin_plate,Dinner,Sweet Bites,Whole Wheat Sourdough Bread,rotating
2026-03-25,bruin_plate,Dinner,Sweet Bites,Zucchini Chocolate Bar,rotating
2026-03-25,bruin_plate,Dinner,Sweet Bites,Chocolate Budino w/ Basil Seed Caviar,rotating
2026-03-25,bruin_plate,Dinner,Sweet Bites,Boston Brown Quickbread,rotating
2026-03-25,bruin_plate,Dinner,Sweet Bites,Cranberry Orange Bread,rotating
2026-03-25,bruin_plate,Dinner,Sweet Bites,Almond Butter,rotating
2026-03-25,bruin_plate,Dinner,Sweet Bites,Pear-Date Compote,rotating
2026-03-25,bruin_plate,Dinner,Sweet Bites,Chocolate Peanut Butter,rotating
2026-03-25,bruin_plate,Dinner,Sweet Bites,Citrus Marmalade,rotating
2026-03-25,bruin_plate,Dinner,Sweet Bites,Nopales & Vanilla Marmalade,rotating
2026-03-25,bruin_plate,Dinner,Beverage Special,Orange Pomegranate Water,rotating
2026-03-25,bruin_plate,Dinner,Beverage Special,Apple Spritzer,rotating
2026-03-25,bruin_plate,Dinner,Beverage Special,Cranberry Spritzer,rotating
2026-03-25,bruin_plate,Dinner,Beverage Special,Orange Spritzer,rotating
2026-03-25,cafe_1919,Lunch / Dinner,Cheese Cake with Macerate Berries,Cheese Cake with Macerate Berries,static
2026-03-25,cafe_1919,Lunch / Dinner,Caesar,Caesar,static
2026-03-25,cafe_1919,Lunch / Dinner,Chicken Caesar,Chicken Caesar,static
2026-03-25,cafe_1919,Lunch / Dinner,Gamberett,Gamberett,static
2026-03-25,cafe_1919,Lunch / Dinner,Mediterranean Salad,Mediterranean Salad,static
2026-03-25,cafe_1919,Lunch / Dinner,Salmone Di Insalata,Salmone Di Insalata,static
2026-03-25,cafe_1919,Lunch / Dinner,Pollo Verdura,Pollo Verdura,static
2026-03-25,cafe_1919,Lunch / Dinner,Tuscan Tagliata Salad,Tuscan Tagliata Salad,static
2026-03-25,cafe_1919,Lunch / Dinner,Heirloom Tomato Caprese,Heirloom Tomato Caprese,static
2026-03-25,cafe_1919,Lunch / Dinner,Campania,Campania,static
2026-03-25,cafe_1919,Lunch / Dinner,Tacchino,Tacchino,static
2026-03-25,cafe_1919,Lunch / Dinner,Pollo Parma,Pollo Parma,static
2026-03-25,cafe_1919,Lunch / Dinner,Florentino,Florentino,static
2026-03-25,cafe_1919,Lunch / Dinner,Sundried Tomato & Goat Cheese,Sundried Tomato & Goat Cheese,static
2026-03-25,cafe_1919,Lunch / Dinner,Formaggi,Formaggi,static
2026-03-25,cafe_1919,Lunch / Dinner,Genova,Genova,static
2026-03-25,cafe_1919,Lunch / Dinner,Carnivora,Carnivora,static
2026-03-25,cafe_1919,Lunch / Dinner,Margherita,Margherita,static
2026-03-25,cafe_1919,Lunch / Dinner,Pepperoni,Pepperoni,static
2026-03-25,cafe_1919,Lunch / Dinner,Ranch Dressing,Ranch Dressing,static
2026-03-25,cafe_1919,Lunch / Dinner,Vegan Caesar Dressing,Vegan Caesar Dressing,static
2026-03-25,cafe_1919,Lunch / Dinner,Balsamic Vinaigrette,Balsamic Vinaigrette,static
2026-03-25,cafe_1919,Lunch / Dinner,Red Wine Vinaigrette,Red Wine Vinaigrette,static
2026-03-25,cafe_1919,Lunch / Dinner,Salted,Salted,static
2026-03-25,cafe_1919,Lunch / Dinner,Jalapeno,Jalapeno,static
2026-03-25,cafe_1919,Lunch / Dinner,Pepperoni,Pepperoni,static
2026-03-25,cafe_1919,Lunch / Dinner,Marinara Sauce,Marinara Sauce,static
2026-03-25,cafe_1919,Lunch / Dinner,Jalapeño Cheese Sauce,Jalapeño Cheese Sauce,static
2026-03-25,cafe_1919,Lunch / Dinner,Vanilla Bean,Vanilla Bean,static
2026-03-25,cafe_1919,Lunch / Dinner,Purple Yam Ube,Purple Yam Ube,static
2026-03-25,cafe_1919,Lunch / Dinner,Caramel Sea Salt,Caramel Sea Salt,static
2026-03-25,cafe_1919,Lunch / Dinner,Chocolate Chip Coffee,Chocolate Chip Coffee,static
2026-03-25,cafe_1919,Lunch / Dinner,Cookies and Cream,Cookies and Cream,static
2026-03-25,cafe_1919,Lunch / Dinner,Dark Chocolate,Dark Chocolate,static
2026-03-25,cafe_1919,Lunch / Dinner,Mint Chocolate Chip,Mint Chocolate Chip,static
2026-03-25,cafe_1919,Lunch / Dinner,Spumoni,Spumoni,static
2026-03-25,cafe_1919,Lunch / Dinner,Strawberry Cheesecake,Strawberry Cheesecake,static
2026-03-25,cafe_1919,Lunch / Dinner,Banana Dulce de Leche,Banana Dulce de Leche,static
2026-03-25,cafe_1919,Lunch / Dinner,Birthday Cake,Birthday Cake,static
2026-03-25,cafe_1919,Lunch / Dinner,Peanut Butter Cup,Peanut Butter Cup,static
2026-03-25,cafe_1919,Lunch / Dinner,Pistachio,Pistachio,static
2026-03-25,cafe_1919,Lunch / Dinner,Raspberry Pan Sorbet,Raspberry Pan Sorbet,static
2026-03-25,cafe_1919,Lunch / Dinner,Strawberry Pan Sorbet,Strawberry Pan Sorbet,static
2026-03-25,cafe_1919,Lunch / Dinner,Alphonso Mango Sorbet,Alphonso Mango Sorbet,static
2026-03-25,cafe_1919,Lunch / Dinner,Granola Clusters,Granola Clusters,static
2026-03-25,cafe_1919,Lunch / Dinner,Coconut Flakes,Coconut Flakes,static
2026-03-25,cafe_1919,Lunch / Dinner,Dried Cranberry,Dried Cranberry,static
2026-03-25,cafe_1919,Lunch / Dinner,Semi Sweet Chocolate Chips,Semi Sweet Chocolate Chips,static
2026-03-25,cafe_1919,Lunch / Dinner,Oreo Cookie Pieces,Oreo Cookie Pieces,static
2026-03-25,cafe_1919,Lunch / Dinner,M&M Milk Chocolate Chopped,M&M Milk Chocolate Chopped,static
2026-03-25,cafe_1919,Lunch / Dinner,Rainbow Sprinkles,Rainbow Sprinkles,static
2026-03-25,cafe_1919,Lunch / Dinner,Dark Chocolate Sauce,Dark Chocolate Sauce,static
2026-03-25,cafe_1919,Lunch / Dinner,Whipped Cream,Whipped Cream,static
2026-03-25,cafe_1919,Lunch / Dinner,Maraschino Cherry,Maraschino Cherry,static
2026-03-25,cafe_1919,Lunch / Dinner,Gummy Bears,Gummy Bears,static
2026-03-25,cafe_1919,Lunch / Dinner,Oatmeal Raisin Cookie,Oatmeal Raisin Cookie,static
2026-03-25,cafe_1919,Lunch / Dinner,Chocolate Chip Cookie,Chocolate Chip Cookie,static
2026-03-25,cafe_1919,Lunch / Dinner,Smartfood White Cheddar Popcorn,Smartfood White Cheddar Popcorn,static
2026-03-25,cafe_1919,Lunch / Dinner,Jalapeno Kettle Chips,Jalapeno Kettle Chips,static
2026-03-25,cafe_1919,Lunch / Dinner,Baked Lays Potato Chips,Baked Lays Potato Chips,static
2026-03-25,cafe_1919,Lunch / Dinner,Sea Salt Kettle Chips,Sea Salt Kettle Chips,static
2026-03-25,cafe_1919,Lunch / Dinner,BBQ Kettle Chips,BBQ Kettle Chips,static
2026-03-25,cafe_1919,Lunch / Dinner,Banana,Banana,static
2026-03-25,cafe_1919,Lunch / Dinner,Oranges,Oranges,static
2026-03-25,cafe_1919,Lunch / Dinner,Fuji Apple,Fuji Apple,static
2026-03-25,cafe_1919,Lunch / Dinner,Granny Smith Apple,Granny Smith Apple,static
2026-03-25,de_neve,Breakfast,Bruin Scramble,Bruin Scramble,rotating
2026-03-25,de_neve,Breakfast,Vegetarian Bruin Scramble,Vegetarian Bruin Scramble,rotating
2026-03-25,de_neve,Breakfast,Potato O'Brien,Potato O'Brien,rotating
2026-03-25,de_neve,Breakfast,Scrambled Eggs,Scrambled Eggs,rotating
2026-03-25,de_neve,Breakfast,Smoked Polish Sausage,Smoked Polish Sausage,rotating
2026-03-25,de_neve,Breakfast,Buttery Hash Browns,Buttery Hash Browns,rotating
2026-03-25,de_neve,Breakfast,Fried Eggs,Fried Eggs,rotating
2026-03-25,de_neve,Breakfast,Tomatillo Salsa,Tomatillo Salsa,rotating
2026-03-25,de_neve,Breakfast,Belgian Waffles,Belgian Waffles,rotating
2026-03-25,de_neve,Breakfast,Maple Flavored Syrup,Maple Flavored Syrup,rotating
2026-03-25,de_neve,Breakfast,Bodega Egg & Bacon Roll,Bodega Egg & Bacon Roll,rotating
2026-03-25,de_neve,Breakfast,Tater Tots,Tater Tots,rotating
2026-03-25,de_neve,Breakfast,Egg Benedict Sandwich,Egg Benedict Sandwich,rotating
2026-03-25,de_neve,Breakfast,Oatmeal,Oatmeal,rotating
2026-03-25,de_neve,Breakfast,Cream of Rice Cereal,Cream of Rice Cereal,rotating
2026-03-25,de_neve,Breakfast,Plain Bagel,Plain Bagel,rotating
2026-03-25,de_neve,Breakfast,Everything Bagel,Everything Bagel,rotating
2026-03-25,de_neve,Breakfast,Cinnamon Raisin Bagel,Cinnamon Raisin Bagel,rotating
2026-03-25,de_neve,Breakfast,Cream Cheese,Cream Cheese,rotating
2026-03-25,de_neve,Breakfast,Strawberry Cream Cheese,Strawberry Cream Cheese,rotating
2026-03-25,de_neve,Breakfast,Avocado Pulp,Avocado Pulp,rotating
2026-03-25,de_neve,Breakfast,Black Forest Ham,Black Forest Ham,rotating
2026-03-25,de_neve,Breakfast,Sliced Swiss Cheese,Sliced Swiss Cheese,rotating
2026-03-25,de_neve,Breakfast,Sliced Tomatoes,Sliced Tomatoes,rotating
2026-03-25,de_neve,Breakfast,Julienne Red Onion,Julienne Red Onion,rotating
2026-03-25,de_neve,Breakfast,Capers,Capers,rotating
2026-03-25,de_neve,Breakfast,Spinach,Spinach,rotating
2026-03-25,de_neve,Breakfast,Cucumber,Cucumber,rotating
2026-03-25,de_neve,Breakfast,Watermelon,Watermelon,rotating
2026-03-25,de_neve,Breakfast,Pineapple,Pineapple,rotating
2026-03-25,de_neve,Breakfast,Cantaloupe,Cantaloupe,rotating
2026-03-25,de_neve,Breakfast,Apple Fritter,Apple Fritter,rotating
2026-03-25,de_neve,Breakfast,Mini Croissant,Mini Croissant,rotating
2026-03-25,de_neve,Breakfast,Mini Maple Pecan Danish,Mini Maple Pecan Danish,rotating
2026-03-25,de_neve,Breakfast,Vegan Banana Quickbread,Vegan Banana Quickbread,rotating
2026-03-25,de_neve,Lunch,Hawaiian Shrimp,Hawaiian Shrimp,rotating
2026-03-25,de_neve,Lunch,Steamed Rice,Steamed Rice,rotating
2026-03-25,de_neve,Lunch,Peppered Beyond Steak,Peppered Beyond Steak,rotating
2026-03-25,de_neve,Lunch,Huli Huli Roasted Chicken,Huli Huli Roasted Chicken,rotating
2026-03-25,de_neve,Lunch,Roasted Green Beans,Roasted Green Beans,rotating
2026-03-25,de_neve,Lunch,Coconut Crusted Tofu,Coconut Crusted Tofu,rotating
2026-03-25,de_neve,Lunch,Luau Pizza,Luau Pizza,rotating
2026-03-25,de_neve,Lunch,Cheese Pizza,Cheese Pizza,rotating
2026-03-25,de_neve,Lunch,Pepperoni Deluxe Pizza,Pepperoni Deluxe Pizza,rotating
2026-03-25,de_neve,Lunch,Bruin Burger,Bruin Burger,rotating
2026-03-25,de_neve,Lunch,Bruin Cheeseburger,Bruin Cheeseburger,rotating
2026-03-25,de_neve,Lunch,LA Hot Chicken Sandwich,LA Hot Chicken Sandwich,rotating
2026-03-25,de_neve,Lunch,Big Island Burger,Big Island Burger,rotating
2026-03-25,de_neve,Lunch,Chicken Katsu Sandwich,Chicken Katsu Sandwich,rotating
2026-03-25,de_neve,Lunch,Beyond Burger,Beyond Burger,rotating
2026-03-25,de_neve,Lunch,Chicken Noodle Soup,Chicken Noodle Soup,rotating
2026-03-25,de_neve,Lunch,Creamy Tomato Basil Soup,Creamy Tomato Basil Soup,rotating
2026-03-25,de_neve,Lunch,Pineapple Marinated Chicken Thigh,Pineapple Marinated Chicken Thigh,rotating
2026-03-25,de_neve,Lunch,Cilantro Rice,Cilantro Rice,rotating
2026-03-25,de_neve,Lunch,Spicy Lentil,Spicy Lentil,rotating
2026-03-25,de_neve,Lunch,Flex Bar Special,Flex Bar Special,rotating
2026-03-25,de_neve,Lunch,Roasted Broccoli w/ Garlic,Roasted Broccoli w/ Garlic,rotating
2026-03-25,de_neve,Lunch,Roasted Cauliflower w/ Chile & Lime,Roasted Cauliflower w/ Chile & Lime,rotating
2026-03-25,de_neve,Lunch,Pan Roasted Mushrooms with Onions,Pan Roasted Mushrooms with Onions,rotating
2026-03-25,de_neve,Lunch,Ranch Dressing,Ranch Dressing,rotating
2026-03-25,de_neve,Lunch,Caesar Salad Dressing,Caesar Salad Dressing,rotating
2026-03-25,de_neve,Lunch,Grilled Rosemary Chicken Breast,Grilled Rosemary Chicken Breast,rotating
2026-03-25,de_neve,Lunch,Watermelon,Watermelon,rotating
2026-03-25,de_neve,Lunch,Pineapple,Pineapple,rotating
2026-03-25,de_neve,Lunch,Cantaloupe,Cantaloupe,rotating
2026-03-25,de_neve,Lunch,White Cupcake,White Cupcake,rotating
2026-03-25,de_neve,Lunch,White Chocolate Chip Cookie w/ Cranberries,White Chocolate Chip Cookie w/ Cranberries,rotating
2026-03-25,de_neve,Lunch,Dutch Apple Pie,Dutch Apple Pie,rotating
2026-03-25,de_neve,Lunch,Cranberry Crunch Bar,Cranberry Crunch Bar,rotating
2026-03-25,de_neve,Lunch,Oreo Mousse,Oreo Mousse,rotating
2026-03-25,de_neve,Lunch,Deep Dish Blackout Cake,Deep Dish Blackout Cake,rotating
2026-03-25,de_neve,Dinner,Mahi Mahi Seared Fish,Mahi Mahi Seared Fish,rotating
2026-03-25,de_neve,Dinner,Spicy Pineapple Salsa,Spicy Pineapple Salsa,rotating
2026-03-25,de_neve,Dinner,Coconut Rice,Coconut Rice,rotating
2026-03-25,de_neve,Dinner,Garlic Lemon Tofu,Garlic Lemon Tofu,rotating
2026-03-25,de_neve,Dinner,Hawaiian Roasted Pork,Hawaiian Roasted Pork,rotating
2026-03-25,de_neve,Dinner,Hawaiian Macaroni Salad,Hawaiian Macaroni Salad,rotating
2026-03-25,de_neve,Dinner,Beyond Chicken Tenders,Beyond Chicken Tenders,rotating
2026-03-25,de_neve,Dinner,Luau Pizza,Luau Pizza,rotating
2026-03-25,de_neve,Dinner,Cheese Pizza,Cheese Pizza,rotating
2026-03-25,de_neve,Dinner,Pepperoni Deluxe Pizza,Pepperoni Deluxe Pizza,rotating
2026-03-25,de_neve,Dinner,Bruin Burger,Bruin Burger,rotating
2026-03-25,de_neve,Dinner,Bruin Cheeseburger,Bruin Cheeseburger,rotating
2026-03-25,de_neve,Dinner,LA Hot Chicken Sandwich,LA Hot Chicken Sandwich,rotating
2026-03-25,de_neve,Dinner,Big Island Burger,Big Island Burger,rotating
2026-03-25,de_neve,Dinner,Chicken Katsu Sandwich,Chicken Katsu Sandwich,rotating
2026-03-25,de_neve,Dinner,Beyond Burger,Beyond Burger,rotating
2026-03-25,de_neve,Dinner,Chicken Noodle Soup,Chicken Noodle Soup,rotating
2026-03-25,de_neve,Dinner,Creamy Tomato Basil Soup,Creamy Tomato Basil Soup,rotating
2026-03-25,de_neve,Dinner,Cilantro Rice,Cilantro Rice,rotating
2026-03-25,de_neve,Dinner,Beyond Meatballs in Brava Sauce,Beyond Meatballs in Brava Sauce,rotating
2026-03-25,de_neve,Dinner,Huli Huli Roasted Chicken,Huli Huli Roasted Chicken,rotating
2026-03-25,de_neve,Dinner,Garbanzo Picadillo,Garbanzo Picadillo,rotating
2026-03-25,de_neve,Dinner,Hawaiian Shrimp,Hawaiian Shrimp,rotating
2026-03-25,de_neve,Dinner,Roasted Broccoli w/ Garlic,Roasted Broccoli w/ Garlic,rotating
2026-03-25,de_neve,Dinner,Roasted Cauliflower w/ Chile & Lime,Roasted Cauliflower w/ Chile & Lime,rotating
2026-03-25,de_neve,Dinner,Pan Roasted Mushrooms with Onions,Pan Roasted Mushrooms with Onions,rotating
2026-03-25,de_neve,Dinner,Ranch Dressing,Ranch Dressing,rotating
2026-03-25,de_neve,Dinner,Caesar Salad Dressing,Caesar Salad Dressing,rotating
2026-03-25,de_neve,Dinner,Grilled Rosemary Chicken Breast,Grilled Rosemary Chicken Breast,rotating
2026-03-25,de_neve,Dinner,Watermelon,Watermelon,rotating
2026-03-25,de_neve,Dinner,Cantaloupe,Cantaloupe,rotating
2026-03-25,de_neve,Dinner,Pineapple,Pineapple,rotating
2026-03-25,de_neve,Dinner,"Cauliflower, Raisin, & Almond Salad w. Curry Vinaigrette","Cauliflower, Raisin, & Almond Salad w. Curry Vinaigrette",rotating
2026-03-25,de_neve,Dinner,Cole Slaw,Cole Slaw,rotating
2026-03-25,de_neve,Dinner,Country Potato Salad,Country Potato Salad,rotating
2026-03-25,de_neve,Dinner,White Cupcake,White Cupcake,rotating
2026-03-25,de_neve,Dinner,White Chocolate Chip Cookie w/ Cranberries,White Chocolate Chip Cookie w/ Cranberries,rotating
2026-03-25,de_neve,Dinner,Dutch Apple Pie,Dutch Apple Pie,rotating
2026-03-25,de_neve,Dinner,Cranberry Crunch Bar,Cranberry Crunch Bar,rotating
2026-03-25,de_neve,Dinner,Oreo Mousse,Oreo Mousse,rotating
2026-03-25,de_neve,Dinner,Deep Dish Blackout Cake,Deep Dish Blackout Cake,rotating
2026-03-25,de_neve,Dinner,Chipmunk Bar,Chipmunk Bar,rotating
2026-03-25,de_neve,Dinner,Maple Walnut Blondies,Maple Walnut Blondies,rotating
2026-03-25,epicuria_ackerman,All Day,SALADS,Caesar Salad,static
2026-03-25,epicuria_ackerman,All Day,SALADS,Antipasto Salad,static
2026-03-25,epicuria_ackerman,All Day,SALADS,Butternut Squash & Cranberry Salad,static
2026-03-25,epicuria_ackerman,All Day,Salad Add-Ons,Grilled Chicken,static
2026-03-25,epicuria_ackerman,All Day,Salad Add-Ons,Grilled Salmon,static
2026-03-25,epicuria_ackerman,All Day,Salad Add-Ons,Roasted Seitan Skewer,static
2026-03-25,epicuria_ackerman,All Day,NEAPOLITAN PIZZAS,Margherita Pizza,static
2026-03-25,epicuria_ackerman,All Day,NEAPOLITAN PIZZAS,Pepperoni Pizza,static
2026-03-25,epicuria_ackerman,All Day,NEAPOLITAN PIZZAS,Tre Funghi Pizza,static
2026-03-25,epicuria_ackerman,All Day,NEAPOLITAN PIZZAS,Cauliflower Crust Zucchini Pizza,static
2026-03-25,epicuria_ackerman,All Day,"""L.A."" PIZZA PIES",Chicken Pesto Pizza Pie,static
2026-03-25,epicuria_ackerman,All Day,"""L.A."" PIZZA PIES",Mambo Italiano Pizza Pie,static
2026-03-25,epicuria_ackerman,All Day,PASTAS,Spaghetti Pomodoro,static
2026-03-25,epicuria_ackerman,All Day,PASTAS,Chicken Fettuccine,static
2026-03-25,epicuria_ackerman,All Day,PASTAS,Ricotta Rosa Baked Pasta,static
2026-03-25,epicuria_ackerman,All Day,PASTAS,Spaghetti Bolognese,static
2026-03-25,epicuria_ackerman,All Day,PASTAS,Vegetarian Fettucine,static
2026-03-25,epicuria_ackerman,All Day,SANDWICHES,Mozzarella Di Bufala Sandwich,static
2026-03-25,epicuria_ackerman,All Day,SANDWICHES,Turkey Caprese Sandwich,static
2026-03-25,epicuria_ackerman,All Day,SANDWICHES,Pistachio Mortadella Sandwich,static
2026-03-25,epicuria_ackerman,All Day,SANDWICHES,Portobello Sandwich,static
2026-03-25,epicuria_ackerman,All Day,Sides,Oatmeal Raisin Cookie,static
2026-03-25,epicuria_ackerman,All Day,Sides,Chocolate Chip Cookie,static
2026-03-25,epicuria_ackerman,All Day,Sides,Fuji Apple,static
2026-03-25,epicuria_ackerman,All Day,Sides,Oranges,static
2026-03-25,epicuria_ackerman,All Day,Sides,Banana,static
2026-03-25,epicuria_covel,Lunch,Psistaris,Italian Burger,rotating
2026-03-25,epicuria_covel,Lunch,Psistaris,"Artichoke, Mushroom, & Fontina Grilled Sandwich",rotating
2026-03-25,epicuria_covel,Lunch,Psistaris,Spanish Seasoned Pomme Frites,rotating
2026-03-25,epicuria_covel,Lunch,Psistaris,Moroccan Roasted Carrots,rotating
2026-03-25,epicuria_covel,Lunch,Psistaris,Grilled Kale w/ Orange & Crushed Red Chili,rotating
2026-03-25,epicuria_covel,Lunch,Psistaris,Vegetable Mix,rotating
2026-03-25,epicuria_covel,Lunch,Psistaris,Moroccan Couscous Salad,rotating
2026-03-25,epicuria_covel,Lunch,Psistaris,Golden Beet & Greens Salad w/ Blood Orange Mint Vinaigrette,rotating
2026-03-25,epicuria_covel,Lunch,Alimenti,Portuguese Roast Garlic Chicken,rotating
2026-03-25,epicuria_covel,Lunch,Alimenti,Mint Couscous,rotating
2026-03-25,epicuria_covel,Lunch,Alimenti,Almond Crusted Tofu w/ Garlic Fennel,rotating
2026-03-25,epicuria_covel,Lunch,Alimenti,Chicken Noodle Soup,rotating
2026-03-25,epicuria_covel,Lunch,Alimenti,Creamy Tomato Basil Soup,rotating
2026-03-25,epicuria_covel,Lunch,Dolce,Classic Chocolate Chip Cookie,rotating
2026-03-25,epicuria_covel,Lunch,Dolce,Snickerdoodle Cookies,rotating
2026-03-25,epicuria_covel,Lunch,Dolce,Tiramisu,rotating
2026-03-25,epicuria_covel,Lunch,Dolce,Pistachio Raspberry Tart,rotating
2026-03-25,epicuria_covel,Lunch,Mezze,Focaccia,rotating
2026-03-25,epicuria_covel,Lunch,Mezze,Lavash Chips,rotating
2026-03-25,epicuria_covel,Lunch,Mezze,Sun-Dried Tomato Pesto,rotating
2026-03-25,epicuria_covel,Lunch,Mezze,Garlic Oil,rotating
2026-03-25,epicuria_covel,Lunch,Mezze,Parsley Pesto,rotating
2026-03-25,epicuria_covel,Lunch,Mezze,Hummus,rotating
2026-03-25,epicuria_covel,Lunch,Mezze,Tzatziki,rotating
2026-03-25,epicuria_covel,Lunch,Mezze,Muhammara (Spicy Roasted Pepper Dip),rotating
2026-03-25,epicuria_covel,Lunch,Mezze,Artichoke Spinach Dip,rotating
2026-03-25,epicuria_covel,Lunch,Mezze,Smoked Mozzarella Spread,rotating
2026-03-25,epicuria_covel,Lunch,Mezze,Morrocan Spicy Lentil Dip,rotating
2026-03-25,epicuria_covel,Lunch,Mezze,"White Bean, Feta, & Za'atar Spread",rotating
2026-03-25,epicuria_covel,Lunch,Mezze,Zhug,rotating
2026-03-25,epicuria_covel,Lunch,Mezze,Garlic Lebneh,rotating
2026-03-25,epicuria_covel,Lunch,Mezze,Htipiti,rotating
2026-03-25,epicuria_covel,Lunch,Mezze,Marinated Red Grape Tomatoes,rotating
2026-03-25,epicuria_covel,Lunch,Mezze,Pitted Kalamata Olives,rotating
2026-03-25,epicuria_covel,Lunch,Mezze,Pickled Vegetables,rotating
2026-03-25,epicuria_covel,Lunch,Mezze,Grated Parmesan Cheese,rotating
2026-03-25,epicuria_covel,Lunch,Capri Pizza,Cheese Pizza,rotating
2026-03-25,epicuria_covel,Lunch,Capri Pizza,Pepperoni Pizza,rotating
2026-03-25,epicuria_covel,Lunch,Capri Pizza,Mushroom & Mozzarella Stromboli,rotating
2026-03-25,epicuria_covel,Lunch,Capri Pizza,Caesar Salad,rotating
2026-03-25,epicuria_covel,Lunch,Capri Pizza,Vegetable Mix,rotating
2026-03-25,epicuria_covel,Lunch,Capri Pizza,Moroccan Couscous Salad,rotating
2026-03-25,epicuria_covel,Lunch,Capri Pizza,Golden Beet & Greens Salad w/ Blood Orange Mint Vinaigrette,rotating
2026-03-25,epicuria_covel,Dinner,Capri,Marinara & Meatballs,rotating
2026-03-25,epicuria_covel,Dinner,Capri,Spaghetti w/ Garlic Basil Tomato Sauce,rotating
2026-03-25,epicuria_covel,Dinner,Psistaris,Grilled Chicken Parmesan Sandwich,rotating
2026-03-25,epicuria_covel,Dinner,Psistaris,"Eggplant, Red Pepper &  Mozzarella Sandwich",rotating
2026-03-25,epicuria_covel,Dinner,Psistaris,Turkish Spice Blend Chips,rotating
2026-03-25,epicuria_covel,Dinner,Psistaris,Ancient Grain Pilaf w/ Burnt Wheat Pasta,rotating
2026-03-25,epicuria_covel,Dinner,Psistaris,Roasted Cumin & Coriander Carrots,rotating
2026-03-25,epicuria_covel,Dinner,Psistaris,Grilled Kale w/ Orange & Crushed Red Chili,rotating
2026-03-25,epicuria_covel,Dinner,Psistaris,Vegetable Mix,rotating
2026-03-25,epicuria_covel,Dinner,Psistaris,Golden Beet & Greens Salad w/ Blood Orange Mint Vinaigrette,rotating
2026-03-25,epicuria_covel,Dinner,Alimenti,Roasted Pork Loin,rotating
2026-03-25,epicuria_covel,Dinner,Alimenti,Risi & Bisi Garlic Rice,rotating
2026-03-25,epicuria_covel,Dinner,Alimenti,Gnocchi w/ Pesto,rotating
2026-03-25,epicuria_covel,Dinner,Alimenti,Chicken Noodle Soup,rotating
2026-03-25,epicuria_covel,Dinner,Alimenti,Creamy Tomato Basil Soup,rotating
2026-03-25,epicuria_covel,Dinner,Dolce,Classic Chocolate Chip Cookie,rotating
2026-03-25,epicuria_covel,Dinner,Dolce,Snickerdoodle Cookies,rotating
2026-03-25,epicuria_covel,Dinner,Dolce,Moroccan Spiced Chocolate Mousse,rotating
2026-03-25,epicuria_covel,Dinner,Dolce,Tiramisu,rotating
2026-03-25,epicuria_covel,Dinner,Dolce,Pistachio Raspberry Tart,rotating
2026-03-25,epicuria_covel,Dinner,Mezze,Focaccia,rotating
2026-03-25,epicuria_covel,Dinner,Mezze,Lavash Chips,rotating
2026-03-25,epicuria_covel,Dinner,Mezze,Sun-Dried Tomato Pesto,rotating
2026-03-25,epicuria_covel,Dinner,Mezze,Parsley Pesto,rotating
2026-03-25,epicuria_covel,Dinner,Mezze,Garlic Oil,rotating
2026-03-25,epicuria_covel,Dinner,Mezze,Paprika Garlic Spread,rotating
2026-03-25,epicuria_covel,Dinner,Mezze,Hummus,rotating
2026-03-25,epicuria_covel,Dinner,Mezze,Tzatziki,rotating
2026-03-25,epicuria_covel,Dinner,Mezze,Muhammara (Spicy Roasted Pepper Dip),rotating
2026-03-25,epicuria_covel,Dinner,Mezze,Artichoke Spinach Dip,rotating
2026-03-25,epicuria_covel,Dinner,Mezze,Smoked Mozzarella Spread,rotating
2026-03-25,epicuria_covel,Dinner,Mezze,Zhug,rotating
2026-03-25,epicuria_covel,Dinner,Mezze,Morrocan Spicy Lentil Dip,rotating
2026-03-25,epicuria_covel,Dinner,Mezze,"White Bean, Feta, & Za'atar Spread",rotating
2026-03-25,epicuria_covel,Dinner,Mezze,Garlic Lebneh,rotating
2026-03-25,epicuria_covel,Dinner,Mezze,Htipiti,rotating
2026-03-25,epicuria_covel,Dinner,Mezze,Cauliflower Skordalia Spread,rotating
2026-03-25,epicuria_covel,Dinner,Mezze,Fava Bean Dip with Dill,rotating
2026-03-25,epicuria_covel,Dinner,Mezze,Tunisian Vegetable Dip,rotating
2026-03-25,epicuria_covel,Dinner,Mezze,Marinated Red Grape Tomatoes,rotating
2026-03-25,epicuria_covel,Dinner,Mezze,Pitted Kalamata Olives,rotating
2026-03-25,epicuria_covel,Dinner,Mezze,Pickled Vegetables,rotating
2026-03-25,epicuria_covel,Dinner,Mezze,Grated Parmesan Cheese,rotating
2026-03-25,epicuria_covel,Dinner,Capri Pizza,Cheese Pizza,rotating
2026-03-25,epicuria_covel,Dinner,Capri Pizza,Pepperoni Pizza,rotating
2026-03-25,epicuria_covel,Dinner,Capri Pizza,Spanikopita Pizza,rotating
2026-03-25,epicuria_covel,Dinner,Capri Pizza,Caesar Salad,rotating
2026-03-25,epicuria_covel,Dinner,Capri Pizza,Vegetable Mix,rotating
2026-03-25,epicuria_covel,Dinner,Capri Pizza,Golden Beet & Greens Salad w/ Blood Orange Mint Vinaigrette,rotating
2026-03-25,epicuria_covel,Dinner,Capri Pizza,Moroccan Couscous Salad,rotating
2026-03-25,epicuria_covel,Dinner,Capri Pizza,Pizza Dough,rotating
2026-03-25,epicuria_covel,Dinner,Capri Pizza,White Hoagie Torpedo Roll,rotating
2026-03-25,epicuria_covel,Dinner,Capri Pizza,Panini Roll,rotating
2026-03-25,epicuria_covel,Dinner,Capri Pizza,Fluffy Potato Bun,rotating
2026-03-25,epicuria_covel,Dinner,Capri Pizza,Focaccia,rotating
2026-03-25,rendezvous,All Day,Latin Daily Special,Cheese Quesadilla,static
2026-03-25,rendezvous,All Day,Latin Daily Special,Chicken Quesadilla,static
2026-03-25,rendezvous,All Day,SUSHI BOWLS,California Roll,static
2026-03-25,rendezvous,All Day,SUSHI BOWLS,Spicy Tuna Sushi Bowl,static
2026-03-25,rendezvous,All Day,SUSHI BOWLS,Vegan Sushi Bowl,static
2026-03-25,rendezvous,All Day,Base,Brown Rice,static
2026-03-25,rendezvous,All Day,Base,Sticky Rice,static
2026-03-25,rendezvous,All Day,Base,Garlic Fried Rice,static
2026-03-25,rendezvous,All Day,Base,Pilipino Style Bihon Stir-Fried Noodles,static
2026-03-25,rendezvous,All Day,Entrée,Crispy Pork Belly,static
2026-03-25,rendezvous,All Day,Entrée,Chicken Adobo,static
2026-03-25,rendezvous,All Day,Entrée,Kabocha & Coconut Milk Stew,static
2026-03-25,rendezvous,All Day,Entrée,Vegetable Egg Roll (Chunjuan),static
2026-03-25,rendezvous,All Day,Entrée,Vietnamese Spicy Eggplant w/ Basil,static
2026-03-25,rendezvous,All Day,Entrée,Beef & Broccoli,static
2026-03-25,rendezvous,All Day,ASIAN TOPPING,Vietnamese Pickled Vegetables,static
2026-03-25,rendezvous,All Day,ASIAN TOPPING,Salted Cucumber,static
2026-03-25,rendezvous,All Day,ASIAN TOPPING,Marinated Soy Sprouts,static
2026-03-25,rendezvous,All Day,ASIAN TOPPING,Seasoned Blanched Spinach,static
2026-03-25,rendezvous,All Day,ASIAN TOPPING,Vietnamese Pickled Daikon,static
2026-03-25,rendezvous,All Day,ASIAN TOPPING,Vietnamese Shredded Green Papaya Salad,static
2026-03-25,rendezvous,All Day,ASIAN TOPPING,Edamame,static
2026-03-25,rendezvous,All Day,ASIAN TOPPING,Kimchi,static
2026-03-25,rendezvous,All Day,ASIAN TOPPING,Seaweed Salad,static
2026-03-25,rendezvous,All Day,ASIAN SAUCE,Green Sriracha,static
2026-03-25,rendezvous,All Day,ASIAN SAUCE,Dumpling Dipping Sauce,static
2026-03-25,rendezvous,All Day,ASIAN SAUCE,Red Sriracha,static
2026-03-25,rendezvous,All Day,ASIAN SAUCE,Kickin' Mayo,static
2026-03-25,rendezvous,All Day,ASIAN SAUCE,Thai Chilies w/ Vegan Fish Sauce,static
2026-03-25,rendezvous,All Day,ASIAN SAUCE,Chojang Korean Dipping Sauce,static
2026-03-25,rendezvous,All Day,BOBA DRINKS,Milk Tea Boba,static
2026-03-25,rendezvous,All Day,BOBA DRINKS,Thai Tea Boba,static
2026-03-25,rendezvous,All Day,BOBA DRINKS,Taro Boba,static
2026-03-25,rendezvous,All Day,BOBA DRINKS,Green Milk Tea Boba,static
2026-03-25,rendezvous,All Day,BOBA DRINKS,Vietnamese Coffee Boba,static
2026-03-25,rendezvous,All Day,BOBA DRINKS,Horchata Boba,static
2026-03-25,rendezvous,All Day,BOBA DRINKS,Agua de Jamaica,static
2026-03-25,rendezvous,All Day,BOBA DRINKS,Strawberry Lemonade Boba,static
2026-03-25,rendezvous,All Day,BOBA DRINKS,Mango Boba,static
2026-03-25,rendezvous,All Day,BOBA DRINKS,Cucumber & Lime Fresca Boba,static
2026-03-25,rendezvous,All Day,DRINKS,Brewed Coffee,static
2026-03-25,rendezvous,All Day,DRINKS,Fountain Beverage,static
2026-03-25,rendezvous,All Day,CONDIMENTS,Nanami Togarashi Spice,static
2026-03-25,rendezvous,All Day,CONDIMENTS,Fried Shallots,static
2026-03-25,rendezvous,All Day,CONDIMENTS,Fried Garlic,static
2026-03-25,rendezvous,All Day,CONDIMENTS,Sweet Chili Mae Ploy Sauce,static
2026-03-25,rendezvous,All Day,CONDIMENTS,Sweet Chili Mayo,static
2026-03-25,rendezvous,All Day,CONDIMENTS,Sweet and Sour Sauce,static
2026-03-25,rendezvous,All Day,CONDIMENTS,Satay Dipping Sauce,static
2026-03-25,the_study,All Day,EPIC CHEF'S SPECIAL,Craft Your Own Breakfast Sandwich,static
2026-03-25,the_study,All Day,EPIC CHEF'S SPECIAL,Create Your Own Breakfast Croissant,static
2026-03-25,the_study,All Day,EPIC CHEF'S SPECIAL,Craft Your Own Breakfast Skillet,static
2026-03-25,the_study,All Day,EPIC CHEF'S SPECIAL,Irish Oatmeal,static
2026-03-25,the_study,All Day,Coffee & Tea,Brewed Tea,static
2026-03-25,the_study,All Day,Coffee & Tea,Hot Chocolate,static
2026-03-25,the_study,All Day,Coffee & Tea,Brewed Coffee,static
2026-03-25,the_study,All Day,Coffee & Tea,Americano,static
2026-03-25,the_study,All Day,Coffee & Tea,Espresso,static
2026-03-25,the_study,All Day,Coffee & Tea,Espresso Decaf,static
2026-03-25,the_study,All Day,Coffee & Tea,Cappuccino,static
2026-03-25,the_study,All Day,Coffee & Tea,Iced Brewed Coffee,static
2026-03-25,the_study,All Day,Coffee & Tea,Nitro Cold Coffee,static
2026-03-25,the_study,All Day,Coffee & Tea,Café Latte,static
2026-03-25,the_study,All Day,Coffee & Tea,Caramel Latte,static
2026-03-25,the_study,All Day,Coffee & Tea,Mocha Latte,static
2026-03-25,the_study,All Day,Coffee & Tea,Vanilla Latte,static
2026-03-25,the_study,All Day,Coffee & Tea,White Chocolate Latte,static
2026-03-25,the_study,All Day,Coffee & Tea,Chai Tea Latte,static
2026-03-25,the_study,All Day,CAKES & TARTS,Oatmeal Raisin Cookie,static
2026-03-25,the_study,All Day,CAKES & TARTS,Chocolate Chip Cookie,static
2026-03-25,the_study,All Day,CAKES & TARTS,Fudgy Brownie,static
2026-03-25,the_study,All Day,CAKES & TARTS,Passion Fruit Chocolate Tart,static
2026-03-25,the_study,All Day,PASTRIES & VERRINES,Blackberry Fan,static
2026-03-25,the_study,All Day,PASTRIES & VERRINES,Almond Croissant,static
2026-03-25,the_study,All Day,PASTRIES & VERRINES,Chocolate Croissant,static
2026-03-25,the_study,All Day,PASTRIES & VERRINES,Cinnamon Raisin Bagel,static
2026-03-25,the_study,All Day,PASTRIES & VERRINES,Everything Bagel,static
2026-03-25,the_study,All Day,PASTRIES & VERRINES,Everything Cheese Bagel,static
2026-03-25,the_study,All Day,PASTRIES & VERRINES,Everything Jalapeno Cheese Bagel,static
2026-03-25,the_study,All Day,PASTRIES & VERRINES,Bacon Cheddar Chive Scone,static
2026-03-25,the_study,All Day,PASTRIES & VERRINES,Triple Chocolate Mousse Verrine,static
2026-03-25,the_study,All Day,PASTRIES & VERRINES,Island Chia Pudding,static
2026-03-25,the_study,All Day,PASTRIES & VERRINES,Ivan Croissant,static
2026-03-25,the_study,All Day,PASTRIES & VERRINES,Eclair,static
2026-03-25,the_study,All Day,PASTRIES & VERRINES,Banana Walnut Muffin,static
2026-03-25,the_study,All Day,PASTRIES & VERRINES,Blueberry Muffin,static
2026-03-25,the_study,All Day,PASTRIES & VERRINES,Red Velvet Cake,static
2026-03-25,the_study,All Day,Tartines / Waffles / Crepes,Croque Monsieur,static
2026-03-25,the_study,All Day,Tartines / Waffles / Crepes,Croque Madame,static
2026-03-25,the_study,All Day,Tartines / Waffles / Crepes,Chocolate-Hazelnut & Seasonal Fresh Fruit Crepe,static
2026-03-25,the_study,All Day,Tartines / Waffles / Crepes,Whipped Cream & Seasonal Fresh Fruit Belgian Waffle,static
2026-03-25,the_study,All Day,Tartines / Waffles / Crepes,Chocolate-Hazelnut & Seasonal Fresh Fruit Belgian Waffle,static
2026-03-25,the_study,All Day,Tartines / Waffles / Crepes,Waffle with Caramel & Seasonal Fresh Fruit,static
2026-03-25,the_study,All Day,Soup,Broccoli Cheddar Soup,static
2026-03-25,the_study,All Day,Soup,Chicken Noodle Soup,static
2026-03-25,the_study,All Day,Kombucha on Tap,Pink Lady Apple Kombucha,static
2026-03-25,the_study,All Day,Kombucha on Tap,Pomegranate Kombucha,static
2026-03-25,the_study,All Day,Kombucha on Tap,Passion Fruit Tangerine Kombuncha,static
2026-03-25,the_study,All Day,Market Entrées,Fresh Fruit Cup,static
2026-03-25,the_study,All Day,Market Entrées,Vegan Muesli,static
2026-03-25,the_study,All Day,Market Entrées,Bircher Muesli w/ Nuts,static
2026-03-25,the_study,All Day,Market Entrées,Spiced Apple Caramel Parfait,static
2026-03-25,the_study,All Day,Market Entrées,Blueberry Strudel Parfait,static
2026-03-25,the_study,All Day,Market Entrées,Cheese & Cracker Protein Box,static
2026-03-25,the_study,All Day,Market Entrées,Crudite Plate,static
2026-03-25,the_study,All Day,Market Entrées,Apple & Peanut Butter Box,static
2026-03-25,the_study,All Day,Market Entrées,Waffle with Caramel & Seasonal Fresh Fruit,static
2026-03-25,the_study,All Day,Market Sandwiches,Peanut Butter & Strawberry Preserves Sandwich,static
2026-03-25,the_study,All Day,Market Sandwiches,Caprese Sandwich,static
2026-03-25,the_study,All Day,Market Sandwiches,Egg Salad Sandwich,static
2026-03-25,the_study,All Day,Market Sandwiches,Chicken Salad Sandwich,static
2026-03-25,the_study,All Day,Market Sandwiches,Chipotle Turkey Club Sandwich,static
2026-03-25,the_study,All Day,Market Sandwiches,Ultimate BLT Sandwich,static
2026-03-25,the_study,All Day,Market Sandwiches,Roast Beef Sandwich,static
2026-03-25,the_study,All Day,Market Sandwiches,The Study Sandwich,static
2026-03-25,the_study,All Day,Market Sandwiches,Tuna Salad Croissant Sandwich,static
2026-03-25,the_study,All Day,Market Sandwiches,Ham & Swiss Croissant Sandwich,static
2026-03-25,the_study,All Day,Market Sandwiches,Pesto Turkey Bacon Wrap,static
2026-03-25,the_study,All Day,Market Sandwiches,Vegan Chicken Caesar Wrap,static
2026-03-25,the_study,All Day,Market Salads,Chicken Caesar Salad,static
2026-03-25,the_study,All Day,Market Salads,Tarragon Chicken Salad,static
2026-03-25,the_study,All Day,Market Salads,Louie Shrimp & Avocado Salad,static
2026-03-25,the_study,All Day,Market Salads,Cucumber Dill & Salmon Salad,static
2026-03-25,the_study,All Day,Market Salads,Tuna Salad,static
2026-03-25,the_study,All Day,Market Salads,Vegan Chicken Caesar Salad,static
2026-03-25,the_study,All Day,Market Beverages,Standard Beverage,static
2026-03-25,the_study,All Day,Market Beverages,Premium Beverage,static
2026-03-25,the_study,All Day,Sides,Sea Salt Kettle Chips,static
2026-03-25,the_study,All Day,Sides,BBQ Kettle Chips,static
2026-03-25,the_study,All Day,Sides,Smartfood White Cheddar Popcorn,static
2026-03-25,the_study,All Day,Sides,Apple,static
2026-03-25,the_study,All Day,Sides,Bananas,static
2026-03-25,the_study,All Day,Sides,Oranges,static
2026-03-25,the_study,All Day,Sides,Orange Juice,static
2026-03-25,the_study,All Day,Sides,Apple Juice,static
2026-03-25,the_study,All Day,Sides,Nonfat Milk,static
2026-03-25,the_study,All Day,Sides,Lowfat Milk,static
2026-03-25,the_study,All Day,Sides,Chocolate Milk,static
2026-03-25,the_study,All Day,Sides,Soy Milk,static
2026-03-25,the_study,All Day,Sides,Assorted Cereal Cups,static
2026-03-25,the_study,All Day,Platters,Swiss Fondue Frites,static
2026-03-25,the_study,All Day,Platters,Fondue Frites w/ Rasher,static
2026-03-25,the_study,All Day,Platters,Bavarian Pretzel and Sausage Platter,static
2026-03-25,the_study,All Day,Platters,Beef Chili Fondue Fries,static
2026-03-25,the_study,All Day,.,Beligian Waffle Batter,static
2026-03-25,the_study,All Day,.,Whole Wheat Sourdough Bread,static
2026-03-25,the_study,All Day,.,White Sourdough Bread,static
2026-03-25,the_study,All Day,.,Artisan Rye Bread,static
2026-03-25,the_study,All Day,.,Whole Wheat Bread,static
2026-03-25,the_study,All Day,.,Pizza Dough,static
2026-03-25,the_study,All Day,.,White Hoagie Bread,static
2026-03-25,the_study,All Day,.,Artisan Baguette,static
