raw_item_name,canonical_name,category,translation_confidence
Grilled Chicken Breast,Grilled Chicken Breast,protein,high
DFC Classic,Chicken Sandwich,protein,high
Steamed Broccoli,Steamed Broccoli,veg,high
Brown Rice,Brown Rice,starch,high
Caesar Salad,Caesar Salad,veg,high
Cheeseburger,Cheeseburger,protein,high
French Fries,French Fries,starch,high
Citrus Herb Tofu,Tofu Entree,protein,medium
Penne Pasta Marinara,Pasta Marinara,starch,high
Greek Yogurt Parfait,Greek Yogurt Parfait,dairy,high
Salmon Fillet,Salmon Fillet,protein,high
Veggie Burger,Veggie Burger,protein,high
Scrambled Eggs,Scrambled Eggs,protein,high
Oatmeal,Oatmeal,starch,high
Turkey Sandwich,Turkey Sandwich,protein,high
Spinach,Spinach,veg,high
Cherry Tomatoes,Cherry Tomatoes,veg,high
Turkey Bacon,Turkey Bacon,protein,high
Veggie Wrap,Veggie Wrap,protein,medium
Beef Taco,Beef Taco,protein,high
Garden Salad,Garden Salad,veg,high
Chocolate Chip Cookie,Chocolate Chip Cookie,dessert,high
Bruin Waffle Plate,Bruin Waffle Plate,starch,high
Parfait Fresh Berry,Parfait Fresh Berry,unknown,high
Parfait Oatmeal Blueberry & Apple,Parfait Oatmeal Blueberry & Apple,starch,high
Fresh Fruit Cup,Fresh Fruit Cup,unknown,high
Instant Oatmeal - Baked Apple,Instant Oatmeal - Baked Apple,starch,high
Multi Grain Cheerios,Multi Grain Cheerios,starch,high
Cheerios Cereal,Cheerios Cereal,unknown,high
Honey Nut Cheerios Cereal,Honey Nut Cheerios Cereal,unknown,high
Lucky Charms Cereal,Lucky Charms Cereal,unknown,high
Cinnamon Toast Crunch Cereal,Cinnamon Toast Crunch Cereal,unknown,high
Cocoa Puffs,Cocoa Puffs,unknown,high
Trix Cereal,Trix Cereal,unknown,low
Rice Chex Cereal,Rice Chex Cereal,starch,high
Plain Chicken Wings,Plain Chicken Wings,protein,high
Frank's RedHot® Chicken Wings,Frank's RedHot® Chicken Wings,protein,high
Lemon Pepper Chicken Wings,Lemon Pepper Chicken Wings,protein,high
Szechuan Chicken Wings,Szechuan Chicken Wings,protein,high
Wedge Cut Fries,Wedge Cut Fries,unknown,high
Ham & Swiss Sandwich,Ham & Swiss Sandwich,unknown,low
Roasted Turkey & Provolone Sandwich,Roasted Turkey & Provolone Sandwich,protein,low
Smoky BBQ Sandwich,Smoky BBQ Sandwich,unknown,low
BBQ Beef Brisket Sandwich,BBQ Beef Brisket Sandwich,protein,low
Chicken Ranch & Swiss Sandwich,Chicken Ranch & Swiss Sandwich,protein,low
The Cuban Sandwich,The Cuban Sandwich,unknown,low
Chipotle BBQ Turkey Sandwich,Chipotle BBQ Turkey Sandwich,protein,low
Chicken Caesar Sandwich,Chicken Caesar Sandwich,protein,low
Roasted Salmon Sandwich,Roasted Salmon Sandwich,protein,low
Pastrami & Swiss Sandwich,Pastrami & Swiss Sandwich,unknown,low
Chicken Pesto Sandwich,Chicken Pesto Sandwich,protein,low
Roasted Portobello Mushroom Sandwich,Roasted Portobello Mushroom Sandwich,unknown,low
Buffalo Chicken Sandwich,Buffalo Chicken Sandwich,protein,low
Cheesesteak,Cheesesteak,dairy,low
Vegan Chicken Caesar Sandwich,Vegan Chicken Caesar Sandwich,protein,low
Chipotle BBQ Sandwich,Chipotle BBQ Sandwich,unknown,low
Havana Press Sandwich,Havana Press Sandwich,unknown,low
"Roasted Garden ""Salmon"" Sandwich","Roasted Garden ""Salmon"" Sandwich",protein,low
Vegetarian Chicken Ranch & Swiss Sandwich,Vegetarian Chicken Ranch & Swiss Sandwich,protein,low
Vegetarian Pastrami & Swiss Sandwich,Vegetarian Pastrami & Swiss Sandwich,unknown,low
Vegetarian Ham & Swiss Sandwich,Vegetarian Ham & Swiss Sandwich,unknown,low
Chicken Parmesan Sandwich,Chicken Parmesan Sandwich,protein,low
Vegetarian Cobb Salad,Vegetarian Cobb Salad,veg,high
Mixed Green Salad,Mixed Green Salad,veg,high
Asian Wonton Salad,Asian Wonton Salad,veg,high
Chopped Mediterranean Salad,Chopped Mediterranean Salad,veg,high
Chicken Noodle Soup,Chicken Noodle Soup,protein,high
Creamy Tomato Basil Soup,Creamy Tomato Basil Soup,veg,high
Peanut Butter & Strawberry Preserves Sandwich,Peanut Butter & Strawberry Preserves Sandwich,dairy,high
Avocado BLT Sandwich,Avocado BLT Sandwich,unknown,high
Tuna Salad Croissant Sandwich,Tuna Salad Croissant Sandwich,protein,high
Turkey & Provolone Sandwich,Turkey & Provolone Sandwich,protein,high
Italian Sandwich,Italian Sandwich,protein,high
Gluten Free Turkey & Provolone Sandwich,Gluten Free Turkey & Provolone Sandwich,protein,high
Gluten Free Italian Sandwich,Gluten Free Italian Sandwich,protein,high
Gluten Free Avocado BLT Sandwich,Gluten Free Avocado BLT Sandwich,sauce,high
1/2 Turkey & Provolone Sandwich,1/2 Turkey & Provolone Sandwich,protein,high
1/2 Ham & Swiss Sandwich,1/2 Ham & Swiss Sandwich,protein,high
Chicken Caesar Salad,Chicken Caesar Salad,protein,high
Asian Chicken Salad,Asian Chicken Salad,protein,high
Nut Free Asian Wonton Salad,Nut Free Asian Wonton Salad,veg,high
BBQ Chicken Salad,BBQ Chicken Salad,protein,high
Forbidden Rice Grain Bowl with Shrimp,Forbidden Rice Grain Bowl with Shrimp,protein,high
Quinoa Grain Bowl with Chicken,Quinoa Grain Bowl with Chicken,protein,high
Peanut Butter and Egg Protein Box,Peanut Butter and Egg Protein Box,protein,high
Crudite Box,Crudite Box,unknown,high
Caesar Wrap,Caesar Wrap,protein,high
Chicken Caesar Wrap,Chicken Caesar Wrap,protein,high
Roasted Vegetable & Ricotta Cheese Wrap,Roasted Vegetable & Ricotta Cheese Wrap,dairy,high
Vegan Caesar Dressing,Vegan Caesar Dressing,sauce,high
Ranch Dressing,Ranch Dressing,sauce,high
Balsamic Vinaigrette,Balsamic Vinaigrette,sauce,high
Red Wine Vinaigrette,Red Wine Vinaigrette,sauce,high
Asian Salad Dressing,Asian Salad Dressing,veg,high
Strawberry Sensation Smoothie,Strawberry Sensation Smoothie,beverage,high
Mango Madness Smoothie,Mango Madness Smoothie,beverage,high
Caribbean Island Smoothie,Caribbean Island Smoothie,protein,high
Bruin Fresh Smoothie,Bruin Fresh Smoothie,beverage,high
Smoothie #15: Chocolate Banana,Smoothie #15: Chocolate Banana,beverage,high
Smoothie #06: Alooooha,Smoothie #06: Alooooha,beverage,high
Café Latte,Café Latte,unknown,high
Vanilla Latte,Vanilla Latte,starch,high
Mocha Latte,Mocha Latte,unknown,high
Caramel Latte,Caramel Latte,starch,high
Chai Tea Latte,Chai Tea Latte,beverage,high
Brewed Coffee,Brewed Coffee,beverage,high
Espresso,Espresso,unknown,high
Café Caramel,Café Caramel,starch,high
Café Mocha,Café Mocha,unknown,high
Café Vanilla,Café Vanilla,starch,high
Brewed Tea,Brewed Tea,beverage,low
White Chocolate Latte,White Chocolate Latte,unknown,high
Cappuccino,Cappuccino,unknown,high
Hot Chocolate,Hot Chocolate,unknown,high
Hot Vanilla,Hot Vanilla,unknown,high
Horchata Latte,Horchata Latte,unknown,high
Tea Latte,Tea Latte,beverage,high
Americano,Americano,unknown,high
Oatmeal Raisin Cookie,Oatmeal Raisin Cookie,starch,high
Chocolate Croissant,Chocolate Croissant,starch,high
Butter Croissant,Butter Croissant,starch,high
Apple Turnover,Apple Turnover,unknown,high
Cheese Danish,Cheese Danish,dairy,high
Red Velvet Cake,Red Velvet Cake,dessert,high
Banana Walnut Muffin,Banana Walnut Muffin,dessert,high
Funfetti Butter Cream Cupcake,Funfetti Butter Cream Cupcake,dairy,high
Mocha Muffin,Mocha Muffin,dessert,high
Blueberry Muffin,Blueberry Muffin,dessert,high
Passion Fruit Chocolate Tart,Passion Fruit Chocolate Tart,dessert,high
Island Chia Pudding,Island Chia Pudding,starch,high
Triple Chocolate Mousse Verrine,Triple Chocolate Mousse Verrine,sauce,high
Plain Bagel,Plain Bagel,starch,high
Everything Bagels,Everything Bagels,starch,high
Whole Wheat Bagel,Whole Wheat Bagel,starch,high
Banana,Banana,unknown,high
Fuji Apple,Fuji Apple,unknown,high
Granny Smith Apple,Granny Smith Apple,unknown,high
Oranges,Oranges,unknown,high
BBQ Kettle Chips,BBQ Kettle Chips,sauce,high
Sea Salt Kettle Chips,Sea Salt Kettle Chips,sauce,high
Smartfood White Cheddar Popcorn,Smartfood White Cheddar Popcorn,veg,high
Original Lays Baked Chips,Original Lays Baked Chips,unknown,high
Jalapeno Kettle Chips,Jalapeno Kettle Chips,sauce,high
"Tri-Tip, Cardamom Brown Rice, & Poached Egg Bowl","Tri-Tip, Cardamom Brown Rice, & Poached Egg Bowl",protein,high
Tofu Benedict w/ Corn Hollandaise,Tofu Benedict w/ Corn Hollandaise,protein,high
Scrambled Egg Whites,Scrambled Egg Whites,protein,high
Vegan Scrambled Eggs,Vegan Scrambled Eggs,protein,high
Roasted Red Breakfast Potato Wedges,Roasted Red Breakfast Potato Wedges,starch,high
Oat & Whole Wheat Waffle,Oat & Whole Wheat Waffle,starch,high
Pear-Date Compote,Pear-Date Compote,unknown,high
Waffle,Waffle,starch,high
Vegan Pancake,Vegan Pancake,starch,high
Simply Grilled Special,Simply Grilled Special,unknown,low
Cantaloupe,Cantaloupe,unknown,high
Grapefruit,Grapefruit,unknown,high
Green Grapes,Green Grapes,unknown,high
Red Grapes,Red Grapes,unknown,high
Kiwi,Kiwi,unknown,high
Blood Orange,Blood Orange,unknown,high
Cara Cara Orange,Cara Cara Orange,unknown,high
Pineapple,Pineapple,unknown,high
Multi-Grain Bread,Multi-Grain Bread,starch,high
Raisin Walnut Bread,Raisin Walnut Bread,starch,high
Whole Wheat Sourdough Bread,Whole Wheat Sourdough Bread,starch,high
Boston Brown Quickbread,Boston Brown Quickbread,starch,high
Cranberry Orange Bread,Cranberry Orange Bread,starch,high
Almond Cashew Butter,Almond Cashew Butter,dairy,high
Chocolate Peanut Butter,Chocolate Peanut Butter,dairy,high
Nopales & Vanilla Marmalade,Nopales & Vanilla Marmalade,unknown,high
Passion Fruit & Orange Water,Passion Fruit & Orange Water,beverage,high
White Polenta,White Polenta,unknown,high
Kale & Banana Smoothie,Kale & Banana Smoothie,veg,high
Peanut Butter & Oat Smoothie,Peanut Butter & Oat Smoothie,starch,high
Tropical Tofu Smoothie,Tropical Tofu Smoothie,protein,high
Chocolate Granola & Strawberry Parfait,Chocolate Granola & Strawberry Parfait,protein,high
"Granola, Oatmeal, & Apple Parfait","Granola, Oatmeal, & Apple Parfait",starch,high
"Berry, Pineapple, & Toasted Quinoa Parfait","Berry, Pineapple, & Toasted Quinoa Parfait",starch,high
Turkey Bacon Cheddar Chive Scone,Turkey Bacon Cheddar Chive Scone,protein,high
BYO Green Tea Frozen Yogurt,BYO Green Tea Frozen Yogurt,dairy,high
BYO Green Tea Greek Yogurt,BYO Green Tea Greek Yogurt,dairy,low
Chicken Tortilla Soup,Chicken Tortilla Soup,protein,high
Tuscan Bean Soup,Tuscan Bean Soup,protein,high
"Cajun Tofu, Polenta, & Spinach Bowl","Cajun Tofu, Polenta, & Spinach Bowl",protein,high
"Plantain, White Bean, Quinoa, & Swiss Chard Bowl","Plantain, White Bean, Quinoa, & Swiss Chard Bowl",protein,high
"Salmon, Dill Goat Cheese, & Cucumber Stacker","Salmon, Dill Goat Cheese, & Cucumber Stacker",protein,high
Roasted Cauliflower & Veggie Wrap,Roasted Cauliflower & Veggie Wrap,protein,high
Frijoles de la Olla,Frijoles de la Olla,unknown,high
Brown Calrose Rice,Brown Calrose Rice,starch,high
"Mixed Grains--Farro, Wheatberry, & Brown Rice","Mixed Grains--Farro, Wheatberry, & Brown Rice",starch,high
"Roasted Parsnips, Carrots, & Onions","Roasted Parsnips, Carrots, & Onions",veg,high
Sauteed Bok Choy,Sauteed Bok Choy,unknown,high
Spicy Pork Tortilla Pizza,Spicy Pork Tortilla Pizza,protein,high
Piquillo Pepper Flatbread w/ Eggplant & Goat Cheese,Piquillo Pepper Flatbread w/ Eggplant & Goat Cheese,protein,high
Fennel Coriander Marinated Grilled Chicken Thigh,Fennel Coriander Marinated Grilled Chicken Thigh,protein,high
Spinach & White Bean Stacker w/ Arugula,Spinach & White Bean Stacker w/ Arugula,protein,high
Grilled Kennebec Potato,Grilled Kennebec Potato,starch,high
Zucchini Chocolate Bar,Zucchini Chocolate Bar,veg,high
Citrus Marmalade,Citrus Marmalade,unknown,high
Apple Spritzer,Apple Spritzer,unknown,high
Cranberry Spritzer,Cranberry Spritzer,unknown,high
Orange Spritzer,Orange Spritzer,unknown,high
"Chickpea Panisse, Mixed Grains, & Rapini Bowl","Chickpea Panisse, Mixed Grains, & Rapini Bowl",unknown,high
"Rotini, Pesto, & Kale Bowl","Rotini, Pesto, & Kale Bowl",veg,high
Sherry Chicken with Pearl Onion,Sherry Chicken with Pearl Onion,protein,high
Quinoa-Mushroom Lasagna with Tofu Ricotta,Quinoa-Mushroom Lasagna with Tofu Ricotta,protein,high
Barley Pilaf,Barley Pilaf,unknown,high
Roasted Brussels Sprouts,Roasted Brussels Sprouts,unknown,high
Sauteed Spinach & Kale,Sauteed Spinach & Kale,veg,high
Grilled Santa Maria Tri-Tip,Grilled Santa Maria Tri-Tip,unknown,high
Housemade Steak Sauce,Housemade Steak Sauce,beverage,high
Grilled Persian Style Tofu,Grilled Persian Style Tofu,protein,high
Roasted Garlic Mofongo,Roasted Garlic Mofongo,unknown,high
Chocolate Budino w/ Basil Seed Caviar,Chocolate Budino w/ Basil Seed Caviar,sauce,high
Almond Butter,Almond Butter,dairy,high
Orange Pomegranate Water,Orange Pomegranate Water,beverage,high
Cheese Cake with Macerate Berries,Cheese Cake with Macerate Berries,dairy,high
Caesar,Caesar,protein,high
Chicken Caesar,Chicken Caesar,protein,high
Gamberett,Gamberett,protein,high
Mediterranean Salad,Mediterranean Salad,veg,high
Salmone Di Insalata,Salmone Di Insalata,protein,high
Pollo Verdura,Pollo Verdura,protein,high
Tuscan Tagliata Salad,Tuscan Tagliata Salad,veg,high
Heirloom Tomato Caprese,Heirloom Tomato Caprese,veg,high
Campania,Campania,protein,high
Tacchino,Tacchino,protein,high
Pollo Parma,Pollo Parma,protein,high
Florentino,Florentino,protein,high
Sundried Tomato & Goat Cheese,Sundried Tomato & Goat Cheese,starch,high
Formaggi,Formaggi,protein,high
Genova,Genova,protein,high
Carnivora,Carnivora,protein,high
Margherita,Margherita,protein,high
Pepperoni,Pepperoni,veg,high
Salted,Salted,protein,high
Jalapeno,Jalapeno,protein,high
Marinara Sauce,Marinara Sauce,sauce,high
Jalapeño Cheese Sauce,Jalapeño Cheese Sauce,dairy,high
Vanilla Bean,Vanilla Bean,protein,high
Purple Yam Ube,Purple Yam Ube,protein,high
Caramel Sea Salt,Caramel Sea Salt,unknown,high
Chocolate Chip Coffee,Chocolate Chip Coffee,beverage,high
Cookies and Cream,Cookies and Cream,dairy,high
Dark Chocolate,Dark Chocolate,unknown,high
Mint Chocolate Chip,Mint Chocolate Chip,unknown,high
Spumoni,Spumoni,unknown,high
Strawberry Cheesecake,Strawberry Cheesecake,dairy,high
Banana Dulce de Leche,Banana Dulce de Leche,starch,high
Birthday Cake,Birthday Cake,dessert,high
Peanut Butter Cup,Peanut Butter Cup,dairy,high
Pistachio,Pistachio,unknown,high
Raspberry Pan Sorbet,Raspberry Pan Sorbet,unknown,low
Strawberry Pan Sorbet,Strawberry Pan Sorbet,starch,low
Alphonso Mango Sorbet,Alphonso Mango Sorbet,starch,high
Granola Clusters,Granola Clusters,starch,high
Coconut Flakes,Coconut Flakes,unknown,high
Dried Cranberry,Dried Cranberry,unknown,high
Semi Sweet Chocolate Chips,Semi Sweet Chocolate Chips,sauce,high
Oreo Cookie Pieces,Oreo Cookie Pieces,dessert,high
M&M Milk Chocolate Chopped,M&M Milk Chocolate Chopped,dairy,high
Rainbow Sprinkles,Rainbow Sprinkles,starch,high
Dark Chocolate Sauce,Dark Chocolate Sauce,sauce,high
Whipped Cream,Whipped Cream,dairy,low
Maraschino Cherry,Maraschino Cherry,unknown,high
Gummy Bears,Gummy Bears,unknown,high
Baked Lays Potato Chips,Baked Lays Potato Chips,starch,high
Bruin Scramble,Bruin Scramble,unknown,high
Vegetarian Bruin Scramble,Vegetarian Bruin Scramble,unknown,high
Potato O'Brien,Potato O'Brien,starch,high
Smoked Polish Sausage,Smoked Polish Sausage,unknown,high
Buttery Hash Browns,Buttery Hash Browns,dairy,high
Fried Eggs,Fried Eggs,protein,high
Tomatillo Salsa,Tomatillo Salsa,sauce,high
Belgian Waffles,Belgian Waffles,starch,high
Maple Flavored Syrup,Maple Flavored Syrup,unknown,high
Bodega Egg & Bacon Roll,Bodega Egg & Bacon Roll,protein,high
Tater Tots,Tater Tots,unknown,high
Egg Benedict Sandwich,Egg Benedict Sandwich,protein,high
Cream of Rice Cereal,Cream of Rice Cereal,starch,high
Everything Bagel,Everything Bagel,starch,high
Cinnamon Raisin Bagel,Cinnamon Raisin Bagel,starch,high
Cream Cheese,Cream Cheese,dairy,high
Strawberry Cream Cheese,Strawberry Cream Cheese,dairy,high
Avocado Pulp,Avocado Pulp,unknown,high
Black Forest Ham,Black Forest Ham,unknown,high
Sliced Swiss Cheese,Sliced Swiss Cheese,dairy,high
Sliced Tomatoes,Sliced Tomatoes,veg,high
Julienne Red Onion,Julienne Red Onion,veg,high
Capers,Capers,unknown,high
Cucumber,Cucumber,veg,high
Watermelon,Watermelon,beverage,high
Apple Fritter,Apple Fritter,unknown,high
Mini Croissant,Mini Croissant,starch,high
Mini Maple Pecan Danish,Mini Maple Pecan Danish,sauce,high
Vegan Banana Quickbread,Vegan Banana Quickbread,starch,high
Hawaiian Shrimp,Hawaiian Shrimp,protein,high
Steamed Rice,Steamed Rice,starch,high
Peppered Beyond Steak,Peppered Beyond Steak,veg,high
Huli Huli Roasted Chicken,Huli Huli Roasted Chicken,protein,high
Roasted Green Beans,Roasted Green Beans,protein,high
Coconut Crusted Tofu,Coconut Crusted Tofu,protein,high
Luau Pizza,Luau Pizza,starch,high
Cheese Pizza,Cheese Pizza,starch,high
Pepperoni Deluxe Pizza,Pepperoni Deluxe Pizza,starch,high
Bruin Burger,Bruin Burger,protein,high
Bruin Cheeseburger,Bruin Cheeseburger,dairy,high
LA Hot Chicken Sandwich,LA Hot Chicken Sandwich,protein,high
Big Island Burger,Big Island Burger,protein,high
Chicken Katsu Sandwich,Chicken Katsu Sandwich,protein,high
Beyond Burger,Beyond Burger,protein,high
Pineapple Marinated Chicken Thigh,Pineapple Marinated Chicken Thigh,protein,high
Cilantro Rice,Cilantro Rice,starch,high
Spicy Lentil,Spicy Lentil,protein,high
Flex Bar Special,Flex Bar Special,unknown,low
Roasted Broccoli w/ Garlic,Roasted Broccoli w/ Garlic,veg,high
Roasted Cauliflower w/ Chile & Lime,Roasted Cauliflower w/ Chile & Lime,veg,high
Pan Roasted Mushrooms with Onions,Pan Roasted Mushrooms with Onions,veg,high
Caesar Salad Dressing,Caesar Salad Dressing,veg,high
Grilled Rosemary Chicken Breast,Grilled Rosemary Chicken Breast,protein,high
White Cupcake,White Cupcake,dessert,high
White Chocolate Chip Cookie w/ Cranberries,White Chocolate Chip Cookie w/ Cranberries,dessert,high
Dutch Apple Pie,Dutch Apple Pie,dessert,high
Cranberry Crunch Bar,Cranberry Crunch Bar,unknown,high
Oreo Mousse,Oreo Mousse,sauce,high
Deep Dish Blackout Cake,Deep Dish Blackout Cake,dessert,high
Mahi Mahi Seared Fish,Mahi Mahi Seared Fish,protein,high
Spicy Pineapple Salsa,Spicy Pineapple Salsa,sauce,high
Coconut Rice,Coconut Rice,starch,high
Garlic Lemon Tofu,Garlic Lemon Tofu,protein,high
Hawaiian Roasted Pork,Hawaiian Roasted Pork,protein,high
Hawaiian Macaroni Salad,Hawaiian Macaroni Salad,veg,high
Beyond Chicken Tenders,Beyond Chicken Tenders,protein,high
Beyond Meatballs in Brava Sauce,Beyond Meatballs in Brava Sauce,sauce,high
Garbanzo Picadillo,Garbanzo Picadillo,unknown,high
"Cauliflower, Raisin, & Almond Salad w. Curry Vinaigrette","Cauliflower, Raisin, & Almond Salad w. Curry Vinaigrette",veg,high
Cole Slaw,Cole Slaw,sauce,high
Country Potato Salad,Country Potato Salad,starch,high
Chipmunk Bar,Chipmunk Bar,sauce,high
Maple Walnut Blondies,Maple Walnut Blondies,sauce,high
Antipasto Salad,Antipasto Salad,veg,high
Butternut Squash & Cranberry Salad,Butternut Squash & Cranberry Salad,veg,high
Grilled Chicken,Grilled Chicken,protein,high
Grilled Salmon,Grilled Salmon,protein,high
Roasted Seitan Skewer,Roasted Seitan Skewer,protein,high
Margherita Pizza,Margherita Pizza,starch,high
Pepperoni Pizza,Pepperoni Pizza,starch,high
Tre Funghi Pizza,Tre Funghi Pizza,starch,high
Cauliflower Crust Zucchini Pizza,Cauliflower Crust Zucchini Pizza,starch,high
Chicken Pesto Pizza Pie,Chicken Pesto Pizza Pie,protein,high
Mambo Italiano Pizza Pie,Mambo Italiano Pizza Pie,starch,high
Spaghetti Pomodoro,Spaghetti Pomodoro,protein,high
Chicken Fettuccine,Chicken Fettuccine,protein,high
Ricotta Rosa Baked Pasta,Ricotta Rosa Baked Pasta,starch,high
Spaghetti Bolognese,Spaghetti Bolognese,protein,high
Vegetarian Fettucine,Vegetarian Fettucine,protein,high
Mozzarella Di Bufala Sandwich,Mozzarella Di Bufala Sandwich,protein,high
Turkey Caprese Sandwich,Turkey Caprese Sandwich,protein,high
Pistachio Mortadella Sandwich,Pistachio Mortadella Sandwich,protein,high
Portobello Sandwich,Portobello Sandwich,unknown,high
Italian Burger,Italian Burger,protein,high
"Artichoke, Mushroom, & Fontina Grilled Sandwich","Artichoke, Mushroom, & Fontina Grilled Sandwich",unknown,high
Spanish Seasoned Pomme Frites,Spanish Seasoned Pomme Frites,unknown,high
Moroccan Roasted Carrots,Moroccan Roasted Carrots,veg,high
Grilled Kale w/ Orange & Crushed Red Chili,Grilled Kale w/ Orange & Crushed Red Chili,veg,high
Vegetable Mix,Vegetable Mix,unknown,high
Moroccan Couscous Salad,Moroccan Couscous Salad,veg,high
Golden Beet & Greens Salad w/ Blood Orange Mint Vinaigrette,Golden Beet & Greens Salad w/ Blood Orange Mint Vinaigrette,veg,high
Portuguese Roast Garlic Chicken,Portuguese Roast Garlic Chicken,protein,high
Mint Couscous,Mint Couscous,unknown,high
Almond Crusted Tofu w/ Garlic Fennel,Almond Crusted Tofu w/ Garlic Fennel,protein,high
Classic Chocolate Chip Cookie,Classic Chocolate Chip Cookie,dessert,high
Snickerdoodle Cookies,Snickerdoodle Cookies,dessert,high
Tiramisu,Tiramisu,unknown,high
Pistachio Raspberry Tart,Pistachio Raspberry Tart,dessert,high
Focaccia,Focaccia,starch,high
Lavash Chips,Lavash Chips,unknown,high
Sun-Dried Tomato Pesto,Sun-Dried Tomato Pesto,veg,high
Garlic Oil,Garlic Oil,sauce,high
Parsley Pesto,Parsley Pesto,sauce,high
Hummus,Hummus,protein,high
Tzatziki,Tzatziki,sauce,high
Muhammara (Spicy Roasted Pepper Dip),Muhammara (Spicy Roasted Pepper Dip),veg,high
Artichoke Spinach Dip,Artichoke Spinach Dip,veg,high
Smoked Mozzarella Spread,Smoked Mozzarella Spread,sauce,high
Morrocan Spicy Lentil Dip,Morrocan Spicy Lentil Dip,protein,high
"White Bean, Feta, & Za'atar Spread","White Bean, Feta, & Za'atar Spread",protein,high
Zhug,Zhug,sauce,high
Garlic Lebneh,Garlic Lebneh,protein,high
Htipiti,Htipiti,unknown,high
Marinated Red Grape Tomatoes,Marinated Red Grape Tomatoes,veg,high
Pitted Kalamata Olives,Pitted Kalamata Olives,unknown,high
Pickled Vegetables,Pickled Vegetables,unknown,high
Grated Parmesan Cheese,Grated Parmesan Cheese,dairy,high
Mushroom & Mozzarella Stromboli,Mushroom & Mozzarella Stromboli,unknown,high
Marinara & Meatballs,Marinara & Meatballs,protein,high
Spaghetti w/ Garlic Basil Tomato Sauce,Spaghetti w/ Garlic Basil Tomato Sauce,veg,high
Grilled Chicken Parmesan Sandwich,Grilled Chicken Parmesan Sandwich,protein,high
"Eggplant, Red Pepper &  Mozzarella Sandwich","Eggplant, Red Pepper &  Mozzarella Sandwich",protein,high
Turkish Spice Blend Chips,Turkish Spice Blend Chips,unknown,high
Ancient Grain Pilaf w/ Burnt Wheat Pasta,Ancient Grain Pilaf w/ Burnt Wheat Pasta,starch,high
Roasted Cumin & Coriander Carrots,Roasted Cumin & Coriander Carrots,veg,high
Roasted Pork Loin,Roasted Pork Loin,protein,high
Risi & Bisi Garlic Rice,Risi & Bisi Garlic Rice,starch,high
Gnocchi w/ Pesto,Gnocchi w/ Pesto,sauce,high
Moroccan Spiced Chocolate Mousse,Moroccan Spiced Chocolate Mousse,sauce,high
Paprika Garlic Spread,Paprika Garlic Spread,sauce,high
Cauliflower Skordalia Spread,Cauliflower Skordalia Spread,veg,high
Fava Bean Dip with Dill,Fava Bean Dip with Dill,protein,high
Tunisian Vegetable Dip,Tunisian Vegetable Dip,unknown,high
Spanikopita Pizza,Spanikopita Pizza,starch,high
Pizza Dough,Pizza Dough,starch,high
White Hoagie Torpedo Roll,White Hoagie Torpedo Roll,starch,high
Panini Roll,Panini Roll,starch,high
Fluffy Potato Bun,Fluffy Potato Bun,starch,high
Cheese Quesadilla,Cheese Quesadilla,dairy,high
Chicken Quesadilla,Chicken Quesadilla,protein,high
California Roll,California Roll,starch,high
Spicy Tuna Sushi Bowl,Spicy Tuna Sushi Bowl,protein,high
Vegan Sushi Bowl,Vegan Sushi Bowl,protein,high
Sticky Rice,Sticky Rice,starch,high
Garlic Fried Rice,Garlic Fried Rice,starch,high
Pilipino Style Bihon Stir-Fried Noodles,Pilipino Style Bihon Stir-Fried Noodles,starch,high
Crispy Pork Belly,Crispy Pork Belly,protein,high
Chicken Adobo,Chicken Adobo,protein,high
Kabocha & Coconut Milk Stew,Kabocha & Coconut Milk Stew,dairy,high
Vegetable Egg Roll (Chunjuan),Vegetable Egg Roll (Chunjuan),protein,high
Vietnamese Spicy Eggplant w/ Basil,Vietnamese Spicy Eggplant w/ Basil,protein,high
Beef & Broccoli,Beef & Broccoli,protein,high
Vietnamese Pickled Vegetables,Vietnamese Pickled Vegetables,unknown,high
Salted Cucumber,Salted Cucumber,veg,high
Marinated Soy Sprouts,Marinated Soy Sprouts,unknown,high
Seasoned Blanched Spinach,Seasoned Blanched Spinach,veg,high
Vietnamese Pickled Daikon,Vietnamese Pickled Daikon,unknown,high
Vietnamese Shredded Green Papaya Salad,Vietnamese Shredded Green Papaya Salad,veg,high
Edamame,Edamame,veg,high
Kimchi,Kimchi,unknown,high
Seaweed Salad,Seaweed Salad,veg,high
Green Sriracha,Green Sriracha,unknown,high
Dumpling Dipping Sauce,Dumpling Dipping Sauce,sauce,high
Red Sriracha,Red Sriracha,unknown,high
Kickin' Mayo,Kickin' Mayo,sauce,high
Thai Chilies w/ Vegan Fish Sauce,Thai Chilies w/ Vegan Fish Sauce,protein,high
Chojang Korean Dipping Sauce,Chojang Korean Dipping Sauce,sauce,high
Milk Tea Boba,Milk Tea Boba,dairy,high
Thai Tea Boba,Thai Tea Boba,beverage,high
Taro Boba,Taro Boba,beverage,high
Green Milk Tea Boba,Green Milk Tea Boba,dairy,high
Vietnamese Coffee Boba,Vietnamese Coffee Boba,beverage,high
Horchata Boba,Horchata Boba,beverage,high
Agua de Jamaica,Agua de Jamaica,unknown,high
Strawberry Lemonade Boba,Strawberry Lemonade Boba,beverage,high
Mango Boba,Mango Boba,beverage,high
Cucumber & Lime Fresca Boba,Cucumber & Lime Fresca Boba,veg,high
Fountain Beverage,Fountain Beverage,unknown,low
Nanami Togarashi Spice,Nanami Togarashi Spice,unknown,low
Fried Shallots,Fried Shallots,sauce,high
Fried Garlic,Fried Garlic,sauce,high
Sweet Chili Mae Ploy Sauce,Sweet Chili Mae Ploy Sauce,sauce,high
Sweet Chili Mayo,Sweet Chili Mayo,sauce,high
Sweet and Sour Sauce,Sweet and Sour Sauce,sauce,high
Satay Dipping Sauce,Satay Dipping Sauce,sauce,high
Craft Your Own Breakfast Sandwich,Craft Your Own Breakfast Sandwich,unknown,low
Create Your Own Breakfast Croissant,Create Your Own Breakfast Croissant,starch,low
Craft Your Own Breakfast Skillet,Craft Your Own Breakfast Skillet,unknown,low
Irish Oatmeal,Irish Oatmeal,starch,high
Espresso Decaf,Espresso Decaf,unknown,high
Iced Brewed Coffee,Iced Brewed Coffee,beverage,high
Nitro Cold Coffee,Nitro Cold Coffee,beverage,high
Fudgy Brownie,Fudgy Brownie,dessert,high
Blackberry Fan,Blackberry Fan,sauce,high
Almond Croissant,Almond Croissant,starch,high
Everything Cheese Bagel,Everything Cheese Bagel,starch,low
Everything Jalapeno Cheese Bagel,Everything Jalapeno Cheese Bagel,starch,low
Bacon Cheddar Chive Scone,Bacon Cheddar Chive Scone,unknown,high
Ivan Croissant,Ivan Croissant,starch,high
Eclair,Eclair,unknown,high
Croque Monsieur,Croque Monsieur,protein,high
Croque Madame,Croque Madame,protein,high
Chocolate-Hazelnut & Seasonal Fresh Fruit Crepe,Chocolate-Hazelnut & Seasonal Fresh Fruit Crepe,dessert,high
Whipped Cream & Seasonal Fresh Fruit Belgian Waffle,Whipped Cream & Seasonal Fresh Fruit Belgian Waffle,starch,high
Chocolate-Hazelnut & Seasonal Fresh Fruit Belgian Waffle,Chocolate-Hazelnut & Seasonal Fresh Fruit Belgian Waffle,starch,high
Waffle with Caramel & Seasonal Fresh Fruit,Waffle with Caramel & Seasonal Fresh Fruit,starch,high
Broccoli Cheddar Soup,Broccoli Cheddar Soup,veg,high
Pink Lady Apple Kombucha,Pink Lady Apple Kombucha,beverage,low
Pomegranate Kombucha,Pomegranate Kombucha,beverage,low
Passion Fruit Tangerine Kombuncha,Passion Fruit Tangerine Kombuncha,starch,low
Vegan Muesli,Vegan Muesli,unknown,high
Bircher Muesli w/ Nuts,Bircher Muesli w/ Nuts,protein,high
Spiced Apple Caramel Parfait,Spiced Apple Caramel Parfait,protein,high
Blueberry Strudel Parfait,Blueberry Strudel Parfait,protein,high
Cheese & Cracker Protein Box,Cheese & Cracker Protein Box,dairy,high
Crudite Plate,Crudite Plate,sauce,high
Apple & Peanut Butter Box,Apple & Peanut Butter Box,dairy,high
Caprese Sandwich,Caprese Sandwich,protein,high
Egg Salad Sandwich,Egg Salad Sandwich,protein,high
Chicken Salad Sandwich,Chicken Salad Sandwich,protein,high
Chipotle Turkey Club Sandwich,Chipotle Turkey Club Sandwich,protein,high
Ultimate BLT Sandwich,Ultimate BLT Sandwich,protein,high
Roast Beef Sandwich,Roast Beef Sandwich,protein,high
The Study Sandwich,The Study Sandwich,protein,high
Ham & Swiss Croissant Sandwich,Ham & Swiss Croissant Sandwich,starch,high
Pesto Turkey Bacon Wrap,Pesto Turkey Bacon Wrap,protein,high
Vegan Chicken Caesar Wrap,Vegan Chicken Caesar Wrap,protein,high
Tarragon Chicken Salad,Tarragon Chicken Salad,protein,high
Louie Shrimp & Avocado Salad,Louie Shrimp & Avocado Salad,protein,high
Cucumber Dill & Salmon Salad,Cucumber Dill & Salmon Salad,protein,high
Tuna Salad,Tuna Salad,protein,high
Vegan Chicken Caesar Salad,Vegan Chicken Caesar Salad,protein,high
Standard Beverage,Standard Beverage,unknown,low
Premium Beverage,Premium Beverage,unknown,low
Apple,Apple,unknown,high
Bananas,Bananas,unknown,high
Orange Juice,Orange Juice,beverage,high
Apple Juice,Apple Juice,beverage,high
Nonfat Milk,Nonfat Milk,dairy,high
Lowfat Milk,Lowfat Milk,dairy,high
Chocolate Milk,Chocolate Milk,dairy,high
Soy Milk,Soy Milk,dairy,high
Assorted Cereal Cups,Assorted Cereal Cups,starch,high
Swiss Fondue Frites,Swiss Fondue Frites,unknown,high
Fondue Frites w/ Rasher,Fondue Frites w/ Rasher,protein,high
Bavarian Pretzel and Sausage Platter,Bavarian Pretzel and Sausage Platter,protein,high
Beef Chili Fondue Fries,Beef Chili Fondue Fries,protein,high
Beligian Waffle Batter,Beligian Waffle Batter,starch,high
White Sourdough Bread,White Sourdough Bread,starch,high
Artisan Rye Bread,Artisan Rye Bread,starch,high
Whole Wheat Bread,Whole Wheat Bread,starch,high
White Hoagie Bread,White Hoagie Bread,starch,high
Artisan Baguette,Artisan Baguette,protein,high
Chili Hot Dog,Chili Hot Dog,protein,high
Korean Style Hot Dog,Korean Style Hot Dog,protein,high
Mexican Style Hot Dog,Mexican Style Hot Dog,protein,high
Dole Whip Bowl,Dole Whip Bowl,unknown,low
Mango Chia Pudding with Yogurt Mousse,Mango Chia Pudding with Yogurt Mousse,dairy,high
White Chocolate Strawberry Tart,White Chocolate Strawberry Tart,dessert,high
Cinnamon Roll with Cream Cheese,Cinnamon Roll with Cream Cheese,starch,high
Onion Bagel,Onion Bagel,starch,high
"Barley, Seasoned Turkey, Kale, & Egg Bowl","Barley, Seasoned Turkey, Kale, & Egg Bowl",protein,high
Chicken & Egg Breakfast Pita,Chicken & Egg Breakfast Pita,protein,high
Four Grain Waffles,Four Grain Waffles,starch,high
Simply Grilled Vegetarian Special,Simply Grilled Vegetarian Special,unknown,low
Mango Blueberry Compote,Mango Blueberry Compote,unknown,high
Cranberry Orange Quickbread,Cranberry Orange Quickbread,starch,high
Peach Vanilla Compote,Peach Vanilla Compote,unknown,high
Peanut Butter,Peanut Butter,dairy,high
Cacao Butter,Cacao Butter,dairy,high
Pineapple Water,Pineapple Water,beverage,high
Garden Vegetable Soup,Garden Vegetable Soup,unknown,high
Quinoa Vegetable Stir Fry w/ Egg,Quinoa Vegetable Stir Fry w/ Egg,protein,high
"Cold Sesame Noodle Salad w/ Tofu, Roasted Corn, & Tomato","Cold Sesame Noodle Salad w/ Tofu, Roasted Corn, & Tomato",protein,high
Chicken Taco w/ Freekeh,Chicken Taco w/ Freekeh,protein,high
Roasted Tomato Salsa,Roasted Tomato Salsa,veg,high
Warm Lentil & Arugula Salad,Warm Lentil & Arugula Salad,protein,high
Brown Basmati Rice,Brown Basmati Rice,starch,high
Oven Roasted Red Beets,Oven Roasted Red Beets,unknown,high
Sautéed Spinach,Sautéed Spinach,veg,high
Poached Shrimp Flatbread w/ Avocado Spread,Poached Shrimp Flatbread w/ Avocado Spread,protein,high
Apple & Feta Cheese Flatbread,Apple & Feta Cheese Flatbread,starch,high
Mushroom Walnut Stacker,Mushroom Walnut Stacker,unknown,high
Herb de Provence Marinated Grilled Chicken Thigh,Herb de Provence Marinated Grilled Chicken Thigh,protein,high
Yukon Gold Potato Wedges,Yukon Gold Potato Wedges,starch,high
Strawberries,Strawberries,unknown,high
Black Pepper Strawberry Compote,Black Pepper Strawberry Compote,veg,high
Blueberry Compote,Blueberry Compote,unknown,high
"Golden Chickpeas w/ Rice, Beans & Kale Bowl","Golden Chickpeas w/ Rice, Beans & Kale Bowl",protein,high
Steamed Salmon w/ Matcha,Steamed Salmon w/ Matcha,protein,high
Spicy Cucumber Salad,Spicy Cucumber Salad,veg,high
"Seasonal Tempeh, Potato, & Mushroom Burrito","Seasonal Tempeh, Potato, & Mushroom Burrito",protein,high
Steamed Barley,Steamed Barley,beverage,high
Roasted Summer Squash w/ Caramelized Onions,Roasted Summer Squash w/ Caramelized Onions,veg,high
Guajillo Chili Chicken & Poblano Pepper Tortilla Pizza,Guajillo Chili Chicken & Poblano Pepper Tortilla Pizza,protein,high
"Grilled Corn, Black Bean & Chipotle Pesto Flatbread","Grilled Corn, Black Bean & Chipotle Pesto Flatbread",protein,high
Grilled African Spiced Tofu,Grilled African Spiced Tofu,protein,high
Blistered Shishito Peppers w/ Togarashi,Blistered Shishito Peppers w/ Togarashi,veg,high
Strawberry Basil Water,Strawberry Basil Water,beverage,high
Monday - Monte Bianco,Monday - Monte Bianco,unknown,high
Gamberetti,Gamberetti,protein,high
Insalata Di Salmone,Insalata Di Salmone,protein,high
Bacon,Bacon,unknown,high
Chive Cream Cheese,Chive Cream Cheese,dairy,high
Taste of California,Taste of California,unknown,low
Zuma Spicy Shrimp,Zuma Spicy Shrimp,protein,high
Pearled Couscous,Pearled Couscous,unknown,high
Beyond Beef Bowl,Beyond Beef Bowl,protein,high
Fried Baja Fish Taco,Fried Baja Fish Taco,protein,high
Santa Cruz Spicy Lentil & Avocado Crema Tacos,Santa Cruz Spicy Lentil & Avocado Crema Tacos,protein,high
Chicken Ranch Pizza,Chicken Ranch Pizza,protein,high
SoCal Burger,SoCal Burger,protein,high
Col. Karapet's Yardbird Cruncher,Col. Karapet's Yardbird Cruncher,protein,high
Lemon Garlic Chicken Thighs,Lemon Garlic Chicken Thighs,protein,high
Rice Pilaf,Rice Pilaf,starch,high
De la Olla Beans,De la Olla Beans,protein,high
Roasted Cauliflower,Roasted Cauliflower,veg,high
Garlicky Green Beans,Garlicky Green Beans,protein,high
Cioppino,Cioppino,unknown,high
Three Bean Portobello Chili,Three Bean Portobello Chili,protein,high
Santa Maria Rubbed Tri Tip,Santa Maria Rubbed Tri Tip,unknown,high
Oven Roasted Herb Potatoes,Oven Roasted Herb Potatoes,starch,high
Santa Maria Grilled Tofu,Santa Maria Grilled Tofu,protein,high
Late Night Chicken Tenders Combo,Late Night Chicken Tenders Combo,protein,high
Late Night Beyond Tenders Combo,Late Night Beyond Tenders Combo,protein,high
Late Night Spicy Nashville Chicken Tenders Combo,Late Night Spicy Nashville Chicken Tenders Combo,protein,high
Late Night Spicy Nashville Beyond Tenders Combo,Late Night Spicy Nashville Beyond Tenders Combo,protein,high
Greek Salad,Greek Salad,veg,high
Asparagus Prosciutto Pizza,Asparagus Prosciutto Pizza,starch,high
Mozzarella Pizza,Mozzarella Pizza,starch,high
Bacon Egg Saksuka Pizza Pie,Bacon Egg Saksuka Pizza Pie,protein,high
Frutti Di Mare Pizza Pie,Frutti Di Mare Pizza Pie,starch,high
Shrimp Spaghetti Fra Diavolo,Shrimp Spaghetti Fra Diavolo,protein,high
Eggplant Parmesan Sandwich,Eggplant Parmesan Sandwich,protein,high
Prosciutto Quattro Formaggio Sandwich,Prosciutto Quattro Formaggio Sandwich,protein,high
Chicken Gyro Sandwich,Chicken Gyro Sandwich,protein,high
Crushed Red Chili Pepper,Crushed Red Chili Pepper,veg,high
Pizzaiola Beef Sandwich,Pizzaiola Beef Sandwich,protein,high
"Spinach, Tomato, & Pesto Grilled Cheese Sandwich","Spinach, Tomato, & Pesto Grilled Cheese Sandwich",veg,high
Lebanese Lentil & Bulgur Pilaf w/ Roasted Squash,Lebanese Lentil & Bulgur Pilaf w/ Roasted Squash,protein,high
Fiery Spiced Cauliflower,Fiery Spiced Cauliflower,veg,high
Roasted Mushrooms,Roasted Mushrooms,unknown,high
Chicken with Dates,Chicken with Dates,protein,high
Saffron Rice,Saffron Rice,starch,high
Pesto Potato Frittata,Pesto Potato Frittata,starch,high
Beef Barley Soup,Beef Barley Soup,protein,high
Cappuccino Cookie,Cappuccino Cookie,dessert,high
Old-Fashioned Oatmeal Raisin Cookie,Old-Fashioned Oatmeal Raisin Cookie,starch,high
Chocolate Ganache Cake,Chocolate Ganache Cake,dessert,high
Espresso Panna Cotta,Espresso Panna Cotta,sauce,high
Apple Crumble Tart,Apple Crumble Tart,dessert,high
Yogurt Bar,Yogurt Bar,dairy,low
Hergma Beef Stew,Hergma Beef Stew,protein,high
Lebanese Rice,Lebanese Rice,starch,high
Roasted Moroccan Carrots,Roasted Moroccan Carrots,veg,high
Dolma,Dolma,unknown,high
Shrimp Alfredo Pizza,Shrimp Alfredo Pizza,protein,high
Chicken Fettuccine Alfredo,Chicken Fettuccine Alfredo,protein,high
Fettuccine Primavera with Garlic,Fettuccine Primavera with Garlic,unknown,high
"Fried Calamari, Spinach, & Fennel Pita Sandwich","Fried Calamari, Spinach, & Fennel Pita Sandwich",starch,high
Baharat Grilled Tofu,Baharat Grilled Tofu,protein,high
Carrot-Cumin Farro,Carrot-Cumin Farro,veg,high
Italian Style Broccoli & Cauliflower,Italian Style Broccoli & Cauliflower,veg,high
Roasted Eggplant,Roasted Eggplant,protein,high
Harissa Pork Ribs,Harissa Pork Ribs,protein,high
Seven Vegetable Tagine,Seven Vegetable Tagine,unknown,high
Beef & Chinese Broccoli,Beef & Chinese Broccoli,protein,high
Jade Green Vegetable Stir-Fry,Jade Green Vegetable Stir-Fry,unknown,high
Jasmine Rice,Jasmine Rice,starch,high
Spicy Tuna Bowl,Spicy Tuna Bowl,protein,high
Tofu & Edamame Bowl,Tofu & Edamame Bowl,protein,high
Huo Guo Hot Pot,Huo Guo Hot Pot,unknown,high
Vegetable Hot Pot,Vegetable Hot Pot,unknown,high
Sliced Ribeye,Sliced Ribeye,unknown,high
Diced Tofu,Diced Tofu,protein,high
Beef Scallion Pancake Roll,Beef Scallion Pancake Roll,protein,high
Teriyaki Seitan Burger,Teriyaki Seitan Burger,sauce,high
Chicken Teriyaki,Chicken Teriyaki,protein,high
Honey Sponge Cake,Honey Sponge Cake,dessert,high
Green Tea Mousse,Green Tea Mousse,beverage,high
Fudge Brownie,Fudge Brownie,dessert,high
Hot & Sour Soup,Hot & Sour Soup,unknown,high
Miso Soup,Miso Soup,unknown,high
Asian Stir Fry,Asian Stir Fry,unknown,high
Salad Bar,Salad Bar,veg,high
Chimichanga Steak,Chimichanga Steak,beverage,high
Build-Your-Own Poke Bowl,Build-Your-Own Poke Bowl,protein,high
Kimchi Fried Rice,Kimchi Fried Rice,starch,high
Vegetarian Japchae,Vegetarian Japchae,starch,high
Bulgogi Korean Beef,Bulgogi Korean Beef,protein,high
Pork Riblets,Pork Riblets,protein,high
Honey Gochujang Chicken,Honey Gochujang Chicken,protein,high
Kimchi Stir Fry w/ Tofu & Bell Pepper,Kimchi Stir Fry w/ Tofu & Bell Pepper,protein,high
Korean Eggplant,Korean Eggplant,protein,high
Vegetable Stir Fry,Vegetable Stir Fry,unknown,high
Croissant,Croissant,starch,high
Create Your Own Handcraft Beverage,Create Your Own Handcraft Beverage,unknown,low
Strawberry Hibiscus Lemonade,Strawberry Hibiscus Lemonade,beverage,high
Mango Mint,Mango Mint,starch,high
Cinnamon Apple Tea,Cinnamon Apple Tea,beverage,high
Hibiscus Water,Hibiscus Water,beverage,high
Passion Fruit Tangerine Kombucha,Passion Fruit Tangerine Kombucha,beverage,low
BUILD AND GO BREAKFAST YOGURT,BUILD AND GO BREAKFAST YOGURT,dairy,low
Build and Go Frozen Yogurt,Build and Go Frozen Yogurt,dairy,low
Craft Your Own Salad,Craft Your Own Salad,veg,low
Craft Your Own Pizza,Craft Your Own Pizza,starch,low
Croffle Chicken Sandwich,Croffle Chicken Sandwich,protein,high
"Jalapeno Egg, Plantain & Black Bean Bowl","Jalapeno Egg, Plantain & Black Bean Bowl",protein,high
Green Chile Rice w/ Black Beans & Egg,Green Chile Rice w/ Black Beans & Egg,protein,high
Red Lentil Waffle,Red Lentil Waffle,protein,high
French Toast Waffle w/ Cashew Cream & Raspberries,French Toast Waffle w/ Cashew Cream & Raspberries,starch,high
Lemon Blueberry Bread,Lemon Blueberry Bread,starch,high
Pistachio Bread,Pistachio Bread,starch,high
Orange Cranberry Quickbread,Orange Cranberry Quickbread,starch,high
Watermelon  Water,Watermelon  Water,beverage,high
Savory Grits,Savory Grits,unknown,high
Black Bean & Buckwheat Noodle w/ Chicken & Bok Choy,Black Bean & Buckwheat Noodle w/ Chicken & Bok Choy,protein,high
Roasted Mushroom & Broccolini w/ Black Bean Noodle,Roasted Mushroom & Broccolini w/ Black Bean Noodle,protein,high
"Steak, Horseradish Goat Cheese, & Beet Stacker","Steak, Horseradish Goat Cheese, & Beet Stacker",starch,high
Avocado Caprese Salad,Avocado Caprese Salad,veg,high
Edamame Beans,Edamame Beans,protein,high
Green Goddess Flatbread,Green Goddess Flatbread,starch,high
Pineapple & Goat Cheese Tortilla Pizza,Pineapple & Goat Cheese Tortilla Pizza,starch,high
Chickpea Stacker w/ Yogurt-Tahini Sauce,Chickpea Stacker w/ Yogurt-Tahini Sauce,dairy,high
Baked Red Rose Potato,Baked Red Rose Potato,starch,high
Raspberry Ginger Oat Bar,Raspberry Ginger Oat Bar,starch,high
Ginger Bar,Ginger Bar,unknown,high
Greek Style Whole Wheat Penne w/ Chicken,Greek Style Whole Wheat Penne w/ Chicken,protein,high
Whole Wheat Penne in Avocado Sauce w/ Toasted Almonds,Whole Wheat Penne in Avocado Sauce w/ Toasted Almonds,sauce,high
Grilled Flank Steak Taco w/ Jicama-Chipotle Salsa,Grilled Flank Steak Taco w/ Jicama-Chipotle Salsa,beverage,high
Fregola Sarda w/ Asparagus & Mushroom,Fregola Sarda w/ Asparagus & Mushroom,unknown,high
Roasted Broccoli,Roasted Broccoli,veg,high
Braised Red Cabbage,Braised Red Cabbage,unknown,high
Apple & Rosemary Chicken Flatbread,Apple & Rosemary Chicken Flatbread,protein,high
"Pear, Thyme, & Blue Cheese Pizza","Pear, Thyme, & Blue Cheese Pizza",starch,high
Grilled Shrimp,Grilled Shrimp,protein,high
Santa Maria Rubbed Grilled Tofu,Santa Maria Rubbed Grilled Tofu,protein,high
Roasted Parsnips & Carrots,Roasted Parsnips & Carrots,veg,high
Yuzu Sponge Cake,Yuzu Sponge Cake,dessert,high
Pineapple Compote,Pineapple Compote,unknown,high
Cherry Compote,Cherry Compote,unknown,high
Cucumber Mint Water,Cucumber Mint Water,veg,high
Polpetta Italiano,Polpetta Italiano,protein,high
Breakfast Chorizo Taco,Breakfast Chorizo Taco,unknown,high
Vegetarian Chorizo Breakfast Taco,Vegetarian Chorizo Breakfast Taco,unknown,high
Pork Sausage,Pork Sausage,protein,high
Buongiorno Pancetta Breakfast Sandwich,Buongiorno Pancetta Breakfast Sandwich,protein,high
Grits,Grits,unknown,high
Chocolate Cake Donut,Chocolate Cake Donut,dessert,high
Chocolate Muffin,Chocolate Muffin,dessert,high
Glazed Donut,Glazed Donut,dessert,high
Argentina,Argentina,unknown,low
Honey Roasted Chicken,Honey Roasted Chicken,protein,high
Humita: Corn & Cheese Puree,Humita: Corn & Cheese Puree,veg,high
Grilled Queso Fresco w/ Humita,Grilled Queso Fresco w/ Humita,protein,high
Choripan Sausage Sandwich,Choripan Sausage Sandwich,protein,high
Meatless Choripan Sandwich,Meatless Choripan Sandwich,unknown,high
House-Made Potato Chippers,House-Made Potato Chippers,starch,high
Ham & Roasted Pepper Pizza,Ham & Roasted Pepper Pizza,starch,high
Garlic Chicken Pizza,Garlic Chicken Pizza,protein,high
Pancetta & Provolone Burger,Pancetta & Provolone Burger,protein,high
Chimichurri Chicken Sandwich,Chimichurri Chicken Sandwich,protein,high
Grilled Chicken Thigh,Grilled Chicken Thigh,protein,high
Almond Mushroom Rice,Almond Mushroom Rice,starch,high
Stewed Cannellini Beans,Stewed Cannellini Beans,protein,high
Steak & Mushroom Soup,Steak & Mushroom Soup,beverage,high
Potato Leek Soup,Potato Leek Soup,starch,high
Roasted Carrots w/ Smoked Jalapeño Butter,Roasted Carrots w/ Smoked Jalapeño Butter,veg,high
Roasted Fingerling Potato,Roasted Fingerling Potato,starch,high
Mexican Wedding Cookie,Mexican Wedding Cookie,dessert,high
Coconut Cream Pie,Coconut Cream Pie,dairy,high
Chocolate Cherry Crisp,Chocolate Cherry Crisp,starch,high
Tres Leches Cake,Tres Leches Cake,dessert,high
Gaucho Tri Tip Steak w/ Salsa Criolla,Gaucho Tri Tip Steak w/ Salsa Criolla,beverage,high
Warm Potato Salad,Warm Potato Salad,starch,high
Chimichurri Pork Tenderloin,Chimichurri Pork Tenderloin,protein,high
Steak Cut Fries,Steak Cut Fries,beverage,high
Grilled Chimichurri Tofu,Grilled Chimichurri Tofu,protein,high
Baharat Grilled Chicken,Baharat Grilled Chicken,protein,high
"Koshari Lentil, Chickpea, and Saute Rice","Koshari Lentil, Chickpea, and Saute Rice",protein,high
"Lamb, Rice, & Swiss Chard Sauté","Lamb, Rice, & Swiss Chard Sauté",protein,high
Herbed Rice Pilaf,Herbed Rice Pilaf,starch,high
Zatar Chicken & Yam Soup,Zatar Chicken & Yam Soup,protein,high
Kale & Mushroom Lasagna,Kale & Mushroom Lasagna,veg,high
Seafood Pasta w/ Lobster Sauce,Seafood Pasta w/ Lobster Sauce,starch,high
Rotini w/ Spinach & Pesto Sauce,Rotini w/ Spinach & Pesto Sauce,veg,high
Grilled Tri Tip with Sumac,Grilled Tri Tip with Sumac,unknown,high
Grilled Cheese Spanakopita,Grilled Cheese Spanakopita,starch,high
French Green Lentil Sauté,French Green Lentil Sauté,protein,high
Wild Mushroom Saute,Wild Mushroom Saute,unknown,high
Chicken Tagine,Chicken Tagine,protein,high
Basmati Rice,Basmati Rice,starch,high
Penne al Formaggio,Penne al Formaggio,protein,high
"Bacon, Spinach & Onion Pizza","Bacon, Spinach & Onion Pizza",starch,high
Spam Fried Rice,Spam Fried Rice,starch,high
Korean BBQ Beef Ribs,Korean BBQ Beef Ribs,protein,high
Bibim Guksu (Korean Spicy Somen Noodles),Bibim Guksu (Korean Spicy Somen Noodles),starch,high
Green Onion Pancake,Green Onion Pancake,starch,high
Spicy Hoisin Sauce,Spicy Hoisin Sauce,sauce,high
Kalua Pork Sandwich,Kalua Pork Sandwich,protein,high
Korean Egg Sandwich,Korean Egg Sandwich,protein,high
Orange Castella Cake,Orange Castella Cake,dessert,high
Lychee Custard,Lychee Custard,sauce,high
Chocolate Cream Mousse,Chocolate Cream Mousse,dairy,high
Saimin Broth,Saimin Broth,unknown,high
Kimchi Soup (Kimchi Guk),Kimchi Soup (Kimchi Guk),unknown,high
Steak Nachos,Steak Nachos,beverage,high
Vegetarian Nachos,Vegetarian Nachos,unknown,high
Chicken Nachos w/ Cheese Sauce,Chicken Nachos w/ Cheese Sauce,protein,high
Vegetable Yakisoba,Vegetable Yakisoba,starch,high
Sansai Mixed Rice,Sansai Mixed Rice,starch,high
Chicken Katsu,Chicken Katsu,protein,high
Shrimp Tempura,Shrimp Tempura,protein,low
Beef Gyudon,Beef Gyudon,protein,high
Vegetable Dumplings,Vegetable Dumplings,unknown,high
Vegetable Tempura,Vegetable Tempura,unknown,high
Spicy Soy Garlic Edamame,Spicy Soy Garlic Edamame,veg,high
Japanese Curry,Japanese Curry,unknown,high
BBQ Chicken Wings,BBQ Chicken Wings,protein,high
Savory Oatmeal w/Porcini & Egg,Savory Oatmeal w/Porcini & Egg,protein,high
"Seasoned Pork, Egg, & Kale Lavash Wrap","Seasoned Pork, Egg, & Kale Lavash Wrap",protein,high
Whole Grain Banana Waffle,Whole Grain Banana Waffle,starch,high
Lemon Cream Cheese Pancake,Lemon Cream Cheese Pancake,starch,high
Blueberry Lemon Marmalade,Blueberry Lemon Marmalade,unknown,high
Banana Walnut Bread,Banana Walnut Bread,starch,high
Olive Oil Mocha Quickbread,Olive Oil Mocha Quickbread,starch,high
Tangerine Marmalade,Tangerine Marmalade,unknown,high
Cream of Wheat,Cream of Wheat,dairy,high
Lamb Meatball w/ Spaghetti Squash & Zaatar Pesto,Lamb Meatball w/ Spaghetti Squash & Zaatar Pesto,protein,high
"Sesame Tofu, Volcano Rice & Mixed Cabbage Bowl","Sesame Tofu, Volcano Rice & Mixed Cabbage Bowl",protein,high
"Shrimp, Wheat Berry, & Arugula Salad w/ Pesto","Shrimp, Wheat Berry, & Arugula Salad w/ Pesto",protein,high
"Kale, Chicken, Currants & Pistachio Salad","Kale, Chicken, Currants & Pistachio Salad",protein,high
"Coconut, Corn, & Almond Salad","Coconut, Corn, & Almond Salad",veg,high
Fregola w/Pesto & Zucchini Salad,Fregola w/Pesto & Zucchini Salad,veg,high
Golden Beet Poke Salad,Golden Beet Poke Salad,veg,high
Marinated Kale Salad,Marinated Kale Salad,veg,high
Flatbread Sticks,Flatbread Sticks,starch,high
Farro,Farro,unknown,high
Sauteed Kale,Sauteed Kale,veg,high
Beef Picadillo Flatbread,Beef Picadillo Flatbread,protein,high
Grilled Zucchini & Harissa Hummus Flatbread,Grilled Zucchini & Harissa Hummus Flatbread,protein,high
Chipotle BBQ Grilled Chicken Thigh,Chipotle BBQ Grilled Chicken Thigh,protein,high
Breaded Tofu Slider,Breaded Tofu Slider,protein,high
Spicy Fingerling Potatoes,Spicy Fingerling Potatoes,starch,high
Blueberry Princess Bar,Blueberry Princess Bar,unknown,high
Pebre-Marinated Flank Steak & Guacamole Bowl,Pebre-Marinated Flank Steak & Guacamole Bowl,beverage,high
Hickory Smoked Tofu w/ BBQ Baked Beans & Cornbread,Hickory Smoked Tofu w/ BBQ Baked Beans & Cornbread,protein,high
Roasted South Carolina Style Mustard BBQ Chicken,Roasted South Carolina Style Mustard BBQ Chicken,protein,high
Sautéed Asparagus & Mushrooms,Sautéed Asparagus & Mushrooms,unknown,high
Stuffed Portobello w/ Red Bell Pepper Coulis,Stuffed Portobello w/ Red Bell Pepper Coulis,veg,high
Matzo Ball Soup,Matzo Ball Soup,unknown,high
Wild Rice Blend,Wild Rice Blend,starch,high
BBQ Pork Tortilla Pizza,BBQ Pork Tortilla Pizza,protein,high
Marinated Roma Tomato Pizza,Marinated Roma Tomato Pizza,starch,high
Blackened Salmon,Blackened Salmon,protein,high
Grilled Yellow Squash,Grilled Yellow Squash,veg,high
Potato & Red Pepper Hash,Potato & Red Pepper Hash,starch,high
Ganache Tart,Ganache Tart,dessert,high
Cialda per Gelato,Cialda per Gelato,dessert,low
Tex Mex Egg Benedict Sandwich,Tex Mex Egg Benedict Sandwich,protein,high
Cinnamon Swirl Danish,Cinnamon Swirl Danish,sauce,high
Chocolate Cinnamon Cream Cheese Coffee Cake,Chocolate Cinnamon Cream Cheese Coffee Cake,dairy,high
Delta Wetlands,Delta Wetlands,unknown,low
Avery Island Pasta,Avery Island Pasta,starch,high
Mushroom & Spinach Penne Pasta,Mushroom & Spinach Penne Pasta,starch,high
Cajun Chicken Wings,Cajun Chicken Wings,protein,high
Hush Puppy,Hush Puppy,unknown,low
Blackened BBQ Chicken Pizza,Blackened BBQ Chicken Pizza,protein,high
Mushroom Pizza,Mushroom Pizza,starch,high
Detroit-Style Pepperoni Pizza,Detroit-Style Pepperoni Pizza,starch,high
Tabasco Beef Burger,Tabasco Beef Burger,protein,high
Shrimp Po Boy Sandwich,Shrimp Po Boy Sandwich,protein,high
Grilled Dijon Chicken Thigh,Grilled Dijon Chicken Thigh,protein,high
Cajun Red Beans & Rice,Cajun Red Beans & Rice,protein,high
Spicy Braised Lentils with Potato,Spicy Braised Lentils with Potato,protein,high
Chocolate Cupcake,Chocolate Cupcake,dessert,high
Blueberry Sour Cream Pie,Blueberry Sour Cream Pie,dairy,high
Blondie w/ Walnuts,Blondie w/ Walnuts,sauce,high
Dulce De Leche Mousse,Dulce De Leche Mousse,sauce,high
Chocolate Macaroon Bundt Cake,Chocolate Macaroon Bundt Cake,starch,high
Barbecue Shrimp,Barbecue Shrimp,protein,high
Blackened Tofu,Blackened Tofu,protein,high
Harissa Slaw & Feta Burger,Harissa Slaw & Feta Burger,protein,high
Crusty Gruyere Grilled Cheese Sandwich,Crusty Gruyere Grilled Cheese Sandwich,dairy,high
Dukkah Spiced Butternut Squash,Dukkah Spiced Butternut Squash,veg,high
Roasted Peppers & Peas w/ Dill,Roasted Peppers & Peas w/ Dill,veg,high
Spanish Style Trout,Spanish Style Trout,unknown,high
Pearled Couscous w/ Roasted Zucchini,Pearled Couscous w/ Roasted Zucchini,veg,high
"Spaghetti w/ Eggplant, Tomatoes & Olives","Spaghetti w/ Eggplant, Tomatoes & Olives",protein,high
Moroccan Chicken Drumstick,Moroccan Chicken Drumstick,protein,high
Zucchini Fritters w/ Cilantro Lime Cream,Zucchini Fritters w/ Cilantro Lime Cream,veg,high
Sauteed Cabbage w/ Mediterranean Spice,Sauteed Cabbage w/ Mediterranean Spice,unknown,high
Roasted Carrots w/ Honey & Pistachio,Roasted Carrots w/ Honey & Pistachio,veg,high
Capensis w/ Caramelized Grapes,Capensis w/ Caramelized Grapes,unknown,high
Greek Lemon Herb Potatoes,Greek Lemon Herb Potatoes,starch,high
Fried Spanish Style Cauliflower w/ Braised Kale,Fried Spanish Style Cauliflower w/ Braised Kale,veg,high
Thai Coconut Chicken Curry,Thai Coconut Chicken Curry,protein,high
Panang Tofu Curry,Panang Tofu Curry,protein,high
Beef Pho Noodle Soup,Beef Pho Noodle Soup,protein,high
Pho Noodle Soup,Pho Noodle Soup,starch,high
Lemongrass Basil Chicken Sandwich,Lemongrass Basil Chicken Sandwich,protein,high
Grilled Tofu Sandwich,Grilled Tofu Sandwich,protein,high
Thai Fried Chicken,Thai Fried Chicken,protein,high
Thai Basil Tofu Sandwich,Thai Basil Tofu Sandwich,protein,high
Thai Steamed Cakes,Thai Steamed Cakes,dessert,high
Vietnamese Coffee Jello Cubes,Vietnamese Coffee Jello Cubes,beverage,high
Tropical Fruits,Tropical Fruits,unknown,high
Thai Coconut Chicken Soup,Thai Coconut Chicken Soup,protein,high
Tomato Egg Drop Soup,Tomato Egg Drop Soup,protein,high
Citrus Basmati Rice,Citrus Basmati Rice,starch,high
Channa Chaat,Channa Chaat,unknown,high
Naan Bread,Naan Bread,starch,high
Porta Bread,Porta Bread,starch,low
Grilled Chicken Tikka Masala,Grilled Chicken Tikka Masala,protein,high
Bengali Shrimp & Potato,Bengali Shrimp & Potato,protein,high
Paneer Butter Masala,Paneer Butter Masala,dairy,high
Potato Samosa,Potato Samosa,starch,high
Potato & Eggplant Masala,Potato & Eggplant Masala,protein,high
Induur Roasted Tri-Color Cauliflower,Induur Roasted Tri-Color Cauliflower,veg,high
Cranberry Tamarind Chutney,Cranberry Tamarind Chutney,unknown,high
Cilantro Chutney,Cilantro Chutney,unknown,high
Tamarind Chutney,Tamarind Chutney,unknown,high
Indian Cucumber Yogurt Dip w/ Herbs,Indian Cucumber Yogurt Dip w/ Herbs,veg,high
Blackened Chicken Bowl,Blackened Chicken Bowl,protein,high
"Tri-Tip, Red Potato, Egg, & Arugula Bowl","Tri-Tip, Red Potato, Egg, & Arugula Bowl",protein,high
Mushroom Beef Ragout Bowl w/ Poached Egg,Mushroom Beef Ragout Bowl w/ Poached Egg,protein,high
Vegetable Stuffed Whole Wheat Crepe,Vegetable Stuffed Whole Wheat Crepe,dessert,high
Arugula Pesto,Arugula Pesto,veg,high
Coconut Pineapple Bread,Coconut Pineapple Bread,starch,high
Peach Ginger Quickbread,Peach Ginger Quickbread,starch,high
Plantain Butter,Plantain Butter,dairy,high
Orange Strawberry Water,Orange Strawberry Water,beverage,high
"Chicken, Toasted Quinoa, & Garlic Vegetable Bowl","Chicken, Toasted Quinoa, & Garlic Vegetable Bowl",protein,high
"Black Quinoa, BBQ Tofu & Red Bean Bowl","Black Quinoa, BBQ Tofu & Red Bean Bowl",protein,high
"Orange, Tuna, & Watercress Salad","Orange, Tuna, & Watercress Salad",protein,high
White Bean & Tri-Color Quinoa Taco,White Bean & Tri-Color Quinoa Taco,protein,high
Black Quinoa,Black Quinoa,starch,high
Black Eyed Peas & Collard Greens,Black Eyed Peas & Collard Greens,veg,high
Spicy Anaheim & Jalapeño Chicken Tortilla Pizza,Spicy Anaheim & Jalapeño Chicken Tortilla Pizza,protein,high
"Hawaiian Macadamia Pesto, Goat Cheese, & Peppadew Flatbread","Hawaiian Macadamia Pesto, Goat Cheese, & Peppadew Flatbread",starch,high
Italian Marinated Grilled Chicken Thigh,Italian Marinated Grilled Chicken Thigh,protein,high
Farro-Mushroom Stacker,Farro-Mushroom Stacker,sauce,high
Red Potato Hash,Red Potato Hash,starch,high
Crispy Lamb Leg w/ Guacamole & Couscous,Crispy Lamb Leg w/ Guacamole & Couscous,protein,high
Toasted Rice Trout w/ Coconut Curried Lentils,Toasted Rice Trout w/ Coconut Curried Lentils,protein,high
Spinach & Bulgur Wheat Taco,Spinach & Bulgur Wheat Taco,veg,high
Roasted Corn & Peppers,Roasted Corn & Peppers,veg,high
Chicken & Vegetable Tortilla Pizza,Chicken & Vegetable Tortilla Pizza,protein,high
"Caramelized Onion, Gouda & White Bean Flatbread","Caramelized Onion, Gouda & White Bean Flatbread",protein,high
Ancho Mango Marinated Pork Tenderloin,Ancho Mango Marinated Pork Tenderloin,protein,high
Pineapple-Mango Salsa,Pineapple-Mango Salsa,sauce,high
Grilled Mole Tofu,Grilled Mole Tofu,protein,high
Roasted Plantains,Roasted Plantains,unknown,high
Chocolate Cake,Chocolate Cake,dessert,high
"Lemon, Raspberry, & Mint Water","Lemon, Raspberry, & Mint Water",beverage,high
Lasagna Bolognese,Lasagna Bolognese,protein,high
Huevos Rancheros,Huevos Rancheros,unknown,high
The Griddler,The Griddler,unknown,high
Vanilla Glazed Cake Donut,Vanilla Glazed Cake Donut,dessert,high
Mini Apple Danish,Mini Apple Danish,unknown,high
Mocha Chocolate Chip Muffin,Mocha Chocolate Chip Muffin,dessert,high
Barbecue,Barbecue,unknown,low
BBQ Pork Tenderloin,BBQ Pork Tenderloin,protein,high
Corn & Lima Bean Succotash,Corn & Lima Bean Succotash,protein,high
Spicy BBQ Tofu Steak,Spicy BBQ Tofu Steak,protein,high
Smoked Chicken w/ Alabama White Sauce,Smoked Chicken w/ Alabama White Sauce,protein,high
Carolina BBQ Pulled Pork Pizza,Carolina BBQ Pulled Pork Pizza,protein,high
Pepper & Mushroom Pizza,Pepper & Mushroom Pizza,starch,high
BBQ Turkey Burger,BBQ Turkey Burger,protein,high
Carolina Pulled Pork Sandwich,Carolina Pulled Pork Sandwich,protein,high
Mesquite BBQ Chicken,Mesquite BBQ Chicken,protein,high
BBQ Baked Beans,BBQ Baked Beans,protein,high
Cheesecake,Cheesecake,dairy,high
Key Lime Pie,Key Lime Pie,dessert,high
Blackberry Peach Crisp,Blackberry Peach Crisp,unknown,high
Strawberry Yogurt,Strawberry Yogurt,dairy,high
Lowfat Cottage Cheese,Lowfat Cottage Cheese,dairy,high
BBQ Chicken Drumsticks,BBQ Chicken Drumsticks,protein,high
Buttery Corn on the Cob,Buttery Corn on the Cob,veg,high
Kansas City BBQ Pork Ribs,Kansas City BBQ Pork Ribs,protein,high
Spicy Coleslaw,Spicy Coleslaw,unknown,high
Vegetarian BBQ Beef Sandwich,Vegetarian BBQ Beef Sandwich,protein,high
Raspberry Princess Bar,Raspberry Princess Bar,unknown,high
Italian Sausage & Fig Focaccia Sandwich,Italian Sausage & Fig Focaccia Sandwich,protein,high
Cauliflower Fritter,Cauliflower Fritter,veg,high
Greek Style Black-Eyed Pea Stew w/ Kale,Greek Style Black-Eyed Pea Stew w/ Kale,veg,high
Roasted Zucchini,Roasted Zucchini,veg,high
Greek Style Roasted Carrot & Pepper Saute,Greek Style Roasted Carrot & Pepper Saute,veg,high
Chicken Pomegranate Walnut Stew,Chicken Pomegranate Walnut Stew,protein,high
Herbs de Provence Grilled Tofu,Herbs de Provence Grilled Tofu,protein,high
Brisket & Sundried Tomato Pizza,Brisket & Sundried Tomato Pizza,starch,high
Pasta w/ Shrimp and Pesto,Pasta w/ Shrimp and Pesto,protein,high
Pasta w/ Spring Vegetables,Pasta w/ Spring Vegetables,starch,high
Greek Feta Salmon,Greek Feta Salmon,protein,high
Roasted Mushroom Muhammara,Roasted Mushroom Muhammara,unknown,high
Italian Fried Chicken,Italian Fried Chicken,protein,high
Polenta,Polenta,unknown,high
Roasted Beets & Sweet Potatoes w/ Polenta,Roasted Beets & Sweet Potatoes w/ Polenta,starch,high
Meatball Pizza,Meatball Pizza,starch,high
Kimchi Tofu Fried Rice,Kimchi Tofu Fried Rice,protein,high
Young Chow Vegetable Fried Rice,Young Chow Vegetable Fried Rice,starch,high
Chicken Katsu Cutlet Curry Bowl,Chicken Katsu Cutlet Curry Bowl,protein,high
Zucchini and Green Beans Tempura,Zucchini and Green Beans Tempura,protein,high
Korean Pork & Chive Pancake,Korean Pork & Chive Pancake,protein,high
Kimchi Pancake,Kimchi Pancake,starch,high
Korean Fried Chicken Bao,Korean Fried Chicken Bao,protein,high
Seared Tofu w/ Spicy Sauce,Seared Tofu w/ Spicy Sauce,protein,high
Melon Pan,Melon Pan,starch,high
Coconut Tapioca,Coconut Tapioca,unknown,high
Seaweed Soup,Seaweed Soup,unknown,high
California Steak Burrito,California Steak Burrito,beverage,high
California Veggie Burrito,California Veggie Burrito,protein,high
Chow Mein Noodles,Chow Mein Noodles,starch,high
Fish w/ Black Bean Sauce,Fish w/ Black Bean Sauce,protein,high
BBQ Roast Pork,BBQ Roast Pork,protein,high
Green Bean Stir Fry,Green Bean Stir Fry,protein,high
Chinese Broccoli,Chinese Broccoli,veg,high
Eggplant & Tofu w/ Spicy Garlic Sauce,Eggplant & Tofu w/ Spicy Garlic Sauce,protein,high
Orange Chicken,Orange Chicken,protein,high
Poke Tuna Roll Sandwich,Poke Tuna Roll Sandwich,protein,high
Boston Clam Chowder,Boston Clam Chowder,unknown,high
"Lentil Ragu, Egg, & Swiss Chard Bowl w/ Toast","Lentil Ragu, Egg, & Swiss Chard Bowl w/ Toast",protein,high
Scrambled Egg & Quinoa w/ Corn Avocado Salsa,Scrambled Egg & Quinoa w/ Corn Avocado Salsa,protein,high
Blueberry & Roasted Red Grape Marmalade,Blueberry & Roasted Red Grape Marmalade,unknown,high
Whole Wheat Pancake,Whole Wheat Pancake,starch,high
Lemon Poppy Bread,Lemon Poppy Bread,starch,high
Dark Chocolate Loaf,Dark Chocolate Loaf,starch,high
Cilantro Lime Marmalade,Cilantro Lime Marmalade,unknown,high
Raspberry Water,Raspberry Water,beverage,high
Malt-O-Meal,Malt-O-Meal,unknown,high
"Seafood, Leek & Tomato Chowder","Seafood, Leek & Tomato Chowder",veg,high
Soup Special,Soup Special,unknown,low
Soup Vegetarian Special,Soup Vegetarian Special,unknown,low
Whole Wheat Herb Spaghetti w/ Shrimp & Sauteed Spinach Bowl,Whole Wheat Herb Spaghetti w/ Shrimp & Sauteed Spinach Bowl,protein,high
Herbed Whole Wheat Spaghetti,Herbed Whole Wheat Spaghetti,unknown,high
"Chicken, Avocado, & Rainbow Quinoa Lettuce Wrap","Chicken, Avocado, & Rainbow Quinoa Lettuce Wrap",protein,high
BBQ Seitan Lettuce Wrap,BBQ Seitan Lettuce Wrap,veg,high
Wheat Berry,Wheat Berry,unknown,high
"Roasted Pork, Sorrel, & Goat Cheese Pizza","Roasted Pork, Sorrel, & Goat Cheese Pizza",protein,high
Layered Vegetable Flatbread,Layered Vegetable Flatbread,starch,high
Cilantro Jalapeno Marinated Grilled Chicken Thigh,Cilantro Jalapeno Marinated Grilled Chicken Thigh,protein,high
Tofu Caprese Stacker,Tofu Caprese Stacker,protein,high
Roasted Potatoes,Roasted Potatoes,starch,high
Apricot Almond Bar,Apricot Almond Bar,unknown,high
"Chipotle Chicken, Brown Rice, & Avocado Bowl","Chipotle Chicken, Brown Rice, & Avocado Bowl",protein,high
"Potato, Kale, Brown Rice, & Red Bean Bowl","Potato, Kale, Brown Rice, & Red Bean Bowl",protein,high
Lemon Cod,Lemon Cod,unknown,high
Yukon Gold Potato & Cauliflower Mash,Yukon Gold Potato & Cauliflower Mash,starch,high
Tempeh Enchilada,Tempeh Enchilada,protein,high
Matzo Crackers,Matzo Crackers,unknown,high
Brown Jasmine Rice,Brown Jasmine Rice,starch,high
Chinese Kale w/ Five Spice,Chinese Kale w/ Five Spice,veg,high
Cioppino Flatbread,Cioppino Flatbread,starch,high
Halal Herbs de Provencal Chicken Thigh,Halal Herbs de Provencal Chicken Thigh,protein,high
Pan Roasted Mushrooms w/ Onions,Pan Roasted Mushrooms w/ Onions,veg,high
Grilled Pineapple,Grilled Pineapple,unknown,high
Milk Chocolate Tart,Milk Chocolate Tart,dairy,high
Kiwi  Water,Kiwi  Water,beverage,high
Mount Vesuvius,Mount Vesuvius,starch,high
Smoked Salmon Egg Benedict,Smoked Salmon Egg Benedict,protein,high
Cinnamon Streusel Coffee Cake,Cinnamon Streusel Coffee Cake,dessert,high
LA Street Food,LA Street Food,unknown,low
Pork Torta Ahogada,Pork Torta Ahogada,protein,high
Jackfruit Torta Ahogada,Jackfruit Torta Ahogada,starch,high
Chicken Tinga Chilaquiles,Chicken Tinga Chilaquiles,protein,high
Chipotle Chilaquiles,Chipotle Chilaquiles,unknown,high
Three Cheese & Tomato Pizza,Three Cheese & Tomato Pizza,starch,high
Hot Dog Beef Olvera,Hot Dog Beef Olvera,protein,high
Nashville Hot Chicken Sandwich,Nashville Hot Chicken Sandwich,protein,high
Curly Fries,Curly Fries,sauce,high
Fresh Herb Marinated Chicken Thigh,Fresh Herb Marinated Chicken Thigh,protein,high
Quinoa Pilaf,Quinoa Pilaf,starch,high
Boston Baked Lentils,Boston Baked Lentils,protein,high
Twinkie Cake,Twinkie Cake,dessert,high
Sugar Cookies,Sugar Cookies,dessert,high
White Chocolate Raspberry Pie,White Chocolate Raspberry Pie,dessert,high
M&M Brownie Bar,M&M Brownie Bar,dessert,high
Chocolate Tres Leches Cake,Chocolate Tres Leches Cake,dessert,high
Beef Birria Ramen,Beef Birria Ramen,protein,high
Jackfruit Birria Ramen,Jackfruit Birria Ramen,unknown,high
Chicken Pibil Nachos w/ Jalapeno Cheese Sauce,Chicken Pibil Nachos w/ Jalapeno Cheese Sauce,protein,high
Guacamole Nachos,Guacamole Nachos,unknown,high
Persian Joojeh Saffron Lemon Chicken Wings,Persian Joojeh Saffron Lemon Chicken Wings,protein,high
Campania Panini,Campania Panini,unknown,high
Pan Roasted Brussels Sprouts,Pan Roasted Brussels Sprouts,unknown,high
Oven-Roasted Cod w/ Almonds,Oven-Roasted Cod w/ Almonds,protein,high
Spinach & Roasted Pepper Bulgur Wheat,Spinach & Roasted Pepper Bulgur Wheat,veg,high
Bistek Tagalog,Bistek Tagalog,protein,high
Pilipino Adobo Pork,Pilipino Adobo Pork,protein,high
Spicy Chick'n w/ Thai Basil,Spicy Chick'n w/ Thai Basil,unknown,high
Roasted Butter Chicken,Roasted Butter Chicken,protein,high
Channa Chaat Masala,Channa Chaat Masala,unknown,high
Pork Sisig with Tater Tots & Egg,Pork Sisig with Tater Tots & Egg,protein,high
Vegetable Egg Roll,Vegetable Egg Roll,protein,high
Butter Mochi,Butter Mochi,dairy,high
Indian Rice Pudding,Indian Rice Pudding,starch,high
Chicken Sinigang,Chicken Sinigang,protein,high
Egg Drop Soup,Egg Drop Soup,protein,high
Beef Birria Plate,Beef Birria Plate,protein,high
Create-Your-Own Omelet Bar,Create-Your-Own Omelet Bar,unknown,low
"Egg, Mushroom & Kale on W.W. English Muffin","Egg, Mushroom & Kale on W.W. English Muffin",protein,high
Roasted Beet & Grilled Pineapple Butter,Roasted Beet & Grilled Pineapple Butter,dairy,high
Ginger Pancake w/ Banana Walnut Topping,Ginger Pancake w/ Banana Walnut Topping,starch,high
Apple Quickbread,Apple Quickbread,starch,high
Carrot Walnut Zucchini Quickbread,Carrot Walnut Zucchini Quickbread,starch,high
Chayote & Apple Butter,Chayote & Apple Butter,dairy,high
Orange Hibiscus Water,Orange Hibiscus Water,beverage,high
Trout w/ Red Curry & Mustard Greens,Trout w/ Red Curry & Mustard Greens,sauce,high
Chickpea Salad Sandwich,Chickpea Salad Sandwich,veg,high
Grilled Asparagus,Grilled Asparagus,unknown,high
Spicy Beef & Eggplant Flatbread,Spicy Beef & Eggplant Flatbread,protein,high
Southwest Black Bean & Avocado Tortilla Pizza,Southwest Black Bean & Avocado Tortilla Pizza,protein,high
Halal Moroccan Chicken Thigh,Halal Moroccan Chicken Thigh,protein,high
Falafel Stacker,Falafel Stacker,unknown,high
Grilled Sweet Potato w/ Lemon Chile Dressing,Grilled Sweet Potato w/ Lemon Chile Dressing,starch,high
Flaxsnax Breakfast Cookie w/ Pecans,Flaxsnax Breakfast Cookie w/ Pecans,dessert,high
Fig Compote,Fig Compote,unknown,high
"Tex Mex Turkey, Black Bean, & Spinach Bowl","Tex Mex Turkey, Black Bean, & Spinach Bowl",protein,high
"Tex Mex Squash, Spinach, & Black Beans w/ Cornbread","Tex Mex Squash, Spinach, & Black Beans w/ Cornbread",protein,high
Maple Chipotle Pork Tenderloin,Maple Chipotle Pork Tenderloin,protein,high
"Potato, Beet, & Parsnip Mash","Potato, Beet, & Parsnip Mash",starch,high
Heirloom Bean Stew,Heirloom Bean Stew,protein,high
Whole Wheat Couscous,Whole Wheat Couscous,starch,high
"Beef, Red Pepper, & Arugula Tortilla","Beef, Red Pepper, & Arugula Tortilla",protein,high
"Sun Dried Tomato Pesto, Olive, & Caramelized Onion Flatbread","Sun Dried Tomato Pesto, Olive, & Caramelized Onion Flatbread",starch,high
Halal Pineapple Chicken Thigh,Halal Pineapple Chicken Thigh,protein,high
Mojo-Marinated Grilled Tofu,Mojo-Marinated Grilled Tofu,protein,high
Baked Russet Potato,Baked Russet Potato,starch,high
Navel Orange Water,Navel Orange Water,beverage,high
French Toast,French Toast,unknown,high
Salvadorian Coffee Cake,Salvadorian Coffee Cake,dessert,high
Brunch,Brunch,unknown,low
Shrimp Scampi Pizza,Shrimp Scampi Pizza,protein,high
Maple Bacon Breakfast Burger,Maple Bacon Breakfast Burger,protein,high
D.F.C.,D.F.C.,protein,high
Honey Lime Chicken Thighs,Honey Lime Chicken Thighs,protein,high
Garlic Flavored Rice,Garlic Flavored Rice,starch,high
Carrot Cupcake,Carrot Cupcake,veg,high
Double Chocolate Cookie,Double Chocolate Cookie,dessert,high
Banana Cream Pie,Banana Cream Pie,dairy,high
Blueberry Crisp,Blueberry Crisp,starch,high
Banana Bread Pudding,Banana Bread Pudding,starch,high
Yogurt Bar Items,Yogurt Bar Items,dairy,low
Ice Cream Bar,Ice Cream Bar,dairy,low
Breakfast @ Night,Breakfast @ Night,unknown,low
Chocolate Chip Pancakes,Chocolate Chip Pancakes,starch,high
Carne Asada Breakfast Burrito,Carne Asada Breakfast Burrito,protein,high
Bean & Cheese Burrito,Bean & Cheese Burrito,protein,high
Smoky Chick'n Quesadilla,Smoky Chick'n Quesadilla,protein,high
BBQ Chicken Quesadilla,BBQ Chicken Quesadilla,protein,high
Teriyaki Grilled Salmon,Teriyaki Grilled Salmon,protein,high
"Egg White, Spinach, & Turkey Sausage Sandwich","Egg White, Spinach, & Turkey Sausage Sandwich",protein,high
Whole Wheat Pancakes w/ Amaranth & Chocolate Chips,Whole Wheat Pancakes w/ Amaranth & Chocolate Chips,starch,high
Spiced Apple Bread,Spiced Apple Bread,starch,high
Cinnamon Quickbread,Cinnamon Quickbread,starch,high
Kiwi-Apple Compote,Kiwi-Apple Compote,unknown,high
Cherry Lime Water,Cherry Lime Water,beverage,high
"Chicken, Watercress & Asparagus Stacker","Chicken, Watercress & Asparagus Stacker",protein,high
Bulgur Wheat,Bulgur Wheat,unknown,high
Cilantro Pesto w/ Tri-Tip Tortilla Pizza,Cilantro Pesto w/ Tri-Tip Tortilla Pizza,starch,high
Halal Lemon Ginger Chicken Thigh,Halal Lemon Ginger Chicken Thigh,protein,high
Grilled Potato & Cabbage Cake,Grilled Potato & Cabbage Cake,starch,high
Baked Purple Potato,Baked Purple Potato,starch,high
Tofu Cranberry Bar,Tofu Cranberry Bar,protein,high
"Apple, Grapefruit, & Ginger Marmalade","Apple, Grapefruit, & Ginger Marmalade",unknown,high
"Yucatan Pork, Plantain, Yellow Zucchini, & Quinoa Bowl","Yucatan Pork, Plantain, Yellow Zucchini, & Quinoa Bowl",protein,high
Baked Tofu Bowl w/Wasabi-Tahini Sauce,Baked Tofu Bowl w/Wasabi-Tahini Sauce,protein,high
Roasted Lamb,Roasted Lamb,protein,high
Mashed Cauliflower,Mashed Cauliflower,veg,high
Mushroom Ragout,Mushroom Ragout,unknown,high
"Portobello, Quinoa, & Arugula Stack","Portobello, Quinoa, & Arugula Stack",starch,high
Quinoa,Quinoa,starch,high
Shishito Pepper Flatbread,Shishito Pepper Flatbread,starch,high
Seared Steelhead Trout,Seared Steelhead Trout,unknown,high
Grilled Southwestern Tofu,Grilled Southwestern Tofu,protein,high
Lemon Tart Mignardise,Lemon Tart Mignardise,dessert,high
Mango Water,Mango Water,beverage,high
Buttermilk Pancakes,Buttermilk Pancakes,starch,high
Mini Almond Bear Claw,Mini Almond Bear Claw,unknown,high
Brunch Burger,Brunch Burger,protein,high
Cilantro Jalapeno Chicken Thigh,Cilantro Jalapeno Chicken Thigh,protein,high
Grilled Tri-color Carrots w/ Peruvian Salsa Verde,Grilled Tri-color Carrots w/ Peruvian Salsa Verde,veg,high
Chocolate Silk Pie,Chocolate Silk Pie,dessert,high
Red Velvet Brownie,Red Velvet Brownie,dessert,high
Mixed Berry Crisp,Mixed Berry Crisp,unknown,high
Strawberry Shortcake,Strawberry Shortcake,dessert,high
Shrimp Fajita,Shrimp Fajita,protein,high
Mexican Rice,Mexican Rice,starch,high
Vegetable & Potato Fajitas,Vegetable & Potato Fajitas,starch,high
Carne Asada Fries,Carne Asada Fries,unknown,high
Vegetable Tortellini with Peppers,Vegetable Tortellini with Peppers,veg,high
Cheese Tortellini Pomodoro,Cheese Tortellini Pomodoro,dairy,high
Grilled Green Peppercorn Chicken Breast,Grilled Green Peppercorn Chicken Breast,protein,high
Lavash Roll-up,Lavash Roll-up,starch,high
Lentils & Rice,Lentils & Rice,protein,high
Roasted Red Peppers,Roasted Red Peppers,veg,high
Bulgur-Crusted Cod,Bulgur-Crusted Cod,unknown,high
4 Cheese Baked Lasagna,4 Cheese Baked Lasagna,dairy,high
Lentil Soup,Lentil Soup,protein,high
Honey,Honey,starch,high
Banana Peppers,Banana Peppers,veg,high
Valbresco Feta Cheese,Valbresco Feta Cheese,dairy,high
Black Olives,Black Olives,sauce,high
Gala Apple,Gala Apple,unknown,high
Clementine Tangerine,Clementine Tangerine,unknown,high
Coffee,Coffee,beverage,high
Coffee Espresso,Coffee Espresso,beverage,low
Espresso Coffee Bean (Decaf),Espresso Coffee Bean (Decaf),protein,high
Coffee Rainforest,Coffee Rainforest,beverage,high
Rainforest Coffee (Decaf),Rainforest Coffee (Decaf),beverage,high
Apple Cinnamon Tea,Apple Cinnamon Tea,beverage,low
Chamomile Tea,Chamomile Tea,beverage,low
Earl Grey Tea,Earl Grey Tea,beverage,low
Mint Tea,Mint Tea,beverage,low
Cranberry Apple Tea,Cranberry Apple Tea,beverage,low
White Orange Spice Tea,White Orange Spice Tea,beverage,low
Green Tea,Green Tea,beverage,low
Iced Blueberry Hibiscus Tea,Iced Blueberry Hibiscus Tea,beverage,high
Tropical Iced Tea,Tropical Iced Tea,beverage,high
Lemon Tea,Lemon Tea,beverage,low
Granulated Sugar,Granulated Sugar,starch,high
Sirloin Steak Quesadilla,Sirloin Steak Quesadilla,beverage,high
"Egg, Spicy White Bean Spread, & Avocado on English Muffin","Egg, Spicy White Bean Spread, & Avocado on English Muffin",protein,high
Tri-Color Quinoa Pancake w/ Blueberries,Tri-Color Quinoa Pancake w/ Blueberries,starch,high
Beef & Barley Soup,Beef & Barley Soup,protein,high
"Calypso Bean, Shell Pasta, & Arugula Sauté","Calypso Bean, Shell Pasta, & Arugula Sauté",protein,high
Chipotle Beef Taco w/ Curtido,Chipotle Beef Taco w/ Curtido,protein,high
Tri-Color Quinoa & Greens Taco,Tri-Color Quinoa & Greens Taco,starch,high
"Mixed Grains -- Lentil, Chickpea, Quinoa & Brown Rice","Mixed Grains -- Lentil, Chickpea, Quinoa & Brown Rice",protein,high
"Chicken, Arugula, & Radish Flatbread","Chicken, Arugula, & Radish Flatbread",protein,high
BBQ Tofu Flatbread,BBQ Tofu Flatbread,protein,high
Banh Mi Turkey Slider,Banh Mi Turkey Slider,protein,high
Black Bean & Brown Rice Stacker,Black Bean & Brown Rice Stacker,protein,high
Baked Yukon Gold Potato,Baked Yukon Gold Potato,starch,high
Savory Picadillo Bowl,Savory Picadillo Bowl,unknown,high
Italian Style Seitan w/ Spinach & Whole Wheat Penne,Italian Style Seitan w/ Spinach & Whole Wheat Penne,veg,high
Red Chile Chicken Wings,Red Chile Chicken Wings,protein,high
Volcano Rice & Red Beans,Volcano Rice & Red Beans,protein,high
Yogurt Ranch Dressing,Yogurt Ranch Dressing,dairy,high
Seitan Stuffed Zucchini,Seitan Stuffed Zucchini,veg,high
Kale Pesto Summer Squash Parmesan Flatbread,Kale Pesto Summer Squash Parmesan Flatbread,starch,high
Grilled Ginger Miso Tofu,Grilled Ginger Miso Tofu,protein,high
Mon - Monte Bianco,Mon - Monte Bianco,unknown,high
Hawaiian Islands,Hawaiian Islands,unknown,low
Grilled Chicken Pesto Sandwich,Grilled Chicken Pesto Sandwich,protein,high
Roasted Cauliflower Pita,Roasted Cauliflower Pita,starch,high
Italian Broccoli & Cauliflower,Italian Broccoli & Cauliflower,veg,high
Almond Crusted Shrimp w/ Polenta & Tomato Concasse,Almond Crusted Shrimp w/ Polenta & Tomato Concasse,protein,high
Mediterranean Spinach Frittata,Mediterranean Spinach Frittata,veg,high
Cilantro Lime Chicken,Cilantro Lime Chicken,protein,high
Artichoke Cheese Pizza,Artichoke Cheese Pizza,starch,high
Fettuccine w/ Shiitake Mushroom,Fettuccine w/ Shiitake Mushroom,protein,high
Braised Pork Pita,Braised Pork Pita,protein,high
Grilled Tofu w/ Salsa Verde,Grilled Tofu w/ Salsa Verde,protein,high
Persian Style Tri Tip,Persian Style Tri Tip,unknown,high
Red Roasted Potatoes,Red Roasted Potatoes,starch,high
Polenta Panzanella Salad,Polenta Panzanella Salad,veg,high
Harissa Chicken Wings,Harissa Chicken Wings,protein,high
General Tsao's Chicken,General Tsao's Chicken,protein,high
Eggplant Stir Fry,Eggplant Stir Fry,protein,high
California Sushi Bowl,California Sushi Bowl,starch,high
Seaweed Salad Bowl,Seaweed Salad Bowl,veg,high
Kurobuta Sausage Hot Dog,Kurobuta Sausage Hot Dog,unknown,high
Ao Nori Fries,Ao Nori Fries,unknown,high
Grilled Lemongrass Chili Chicken,Grilled Lemongrass Chili Chicken,protein,high
Tonjiru (Japanese Pork & Vegetable Soup),Tonjiru (Japanese Pork & Vegetable Soup),protein,high
"White Polenta, Egg & Shrimp Bowl","White Polenta, Egg & Shrimp Bowl",protein,high
"Egg, Spinach & Roasted Pepper Sauce on W. W. Bagel","Egg, Spinach & Roasted Pepper Sauce on W. W. Bagel",protein,high
Four Grain Waffles w/ Oranges & Citrus Marmalade,Four Grain Waffles w/ Oranges & Citrus Marmalade,starch,high
Chunky Apple Oatmeal Pancake,Chunky Apple Oatmeal Pancake,starch,high
Roasted Garlic & Apple Butter,Roasted Garlic & Apple Butter,dairy,high
Flank Steak on Arugula w/ Quinoa & Goat Cheese Bowl,Flank Steak on Arugula w/ Quinoa & Goat Cheese Bowl,starch,high
"Beet Carpaccio w/ Arugula, Quinoa & Goat Cheese","Beet Carpaccio w/ Arugula, Quinoa & Goat Cheese",starch,high
Thai Curry Chicken w/ Pickled Zucchini,Thai Curry Chicken w/ Pickled Zucchini,protein,high
Curried Tempeh Salad Sandwich,Curried Tempeh Salad Sandwich,protein,high
Mango & Chicken Tortilla Pizza,Mango & Chicken Tortilla Pizza,protein,high
Tri-Color Cauliflower Flatbread,Tri-Color Cauliflower Flatbread,starch,high
Roasted Lemon-Dill Fingerling Potatoes,Roasted Lemon-Dill Fingerling Potatoes,starch,high
"Basil Oregano Chicken w/ Rice, Beans, & Kale Bowl","Basil Oregano Chicken w/ Rice, Beans, & Kale Bowl",protein,high
Greek Farro Bowl,Greek Farro Bowl,unknown,high
Roasted Pork Tenderloin,Roasted Pork Tenderloin,protein,high
Garlic Pea Mashed Potatoes,Garlic Pea Mashed Potatoes,starch,high
Mushroom-Spinach Lasagna,Mushroom-Spinach Lasagna,veg,high
Tri-Color Quinoa,Tri-Color Quinoa,starch,high
Sautéed Cabbage,Sautéed Cabbage,unknown,high
Polynesian Bass w/ Preserved Lemon & Fried Garlic,Polynesian Bass w/ Preserved Lemon & Fried Garlic,unknown,high
Strawberry Lemon Water,Strawberry Lemon Water,beverage,high
Tue - Polpetta Italiano,Tue - Polpetta Italiano,protein,high
Brazil,Brazil,unknown,low
Camarao de Coco,Camarao de Coco,unknown,high
Bahia Coconut Stew,Bahia Coconut Stew,unknown,high
Orange Glazed Brazilian Chicken Wings,Orange Glazed Brazilian Chicken Wings,protein,high
São Paulo Pizza,São Paulo Pizza,starch,high
Brazilian Loaded Hot Dog,Brazilian Loaded Hot Dog,protein,high
Piri Piri Chicken Sandwich,Piri Piri Chicken Sandwich,protein,high
Spicy Black Beans,Spicy Black Beans,protein,high
Roasted Carrots,Roasted Carrots,veg,high
Brazilian Saffron Rice,Brazilian Saffron Rice,starch,high
Picanha Sirloin Steak,Picanha Sirloin Steak,beverage,high
Roasted Fingerling Potato & Cilantro Pesto,Roasted Fingerling Potato & Cilantro Pesto,starch,high
Herbs De Provence Chicken,Herbs De Provence Chicken,protein,high
Arancini,Arancini,starch,high
Braised Spicy Lentils w/ Potatoes & Tomatoes,Braised Spicy Lentils w/ Potatoes & Tomatoes,protein,high
"Greek Chickpeas, Orange, Lemon, & Celery Saute","Greek Chickpeas, Orange, Lemon, & Celery Saute",veg,high
Pasta Frutti di Mare,Pasta Frutti di Mare,starch,high
Ratatouille Pasta,Ratatouille Pasta,starch,high
Flank Steak w/ Harissa Dry Rub,Flank Steak w/ Harissa Dry Rub,beverage,high
Roasted Vegetable & Provolone Sandwich,Roasted Vegetable & Provolone Sandwich,unknown,high
Basque Style Chicken,Basque Style Chicken,protein,high
Vegetable Rice Pilaf,Vegetable Rice Pilaf,starch,high
Espinacas con Garbanzos,Espinacas con Garbanzos,unknown,high
Korean Crispy Tofu Bowl,Korean Crispy Tofu Bowl,protein,high
Tropical Fried Chicken,Tropical Fried Chicken,protein,high
Garden Royale Plate,Garden Royale Plate,unknown,high
Pork & Vegetable Dumpling,Pork & Vegetable Dumpling,protein,high
"Baked Potato, Spinach, Poached Egg, & Tomato Cruda","Baked Potato, Spinach, Poached Egg, & Tomato Cruda",protein,high
"Scrambled Egg, Potato, & Swiss Chard Taco","Scrambled Egg, Potato, & Swiss Chard Taco",protein,high
Toasted Coconut Waffle,Toasted Coconut Waffle,starch,high
Rhubarb Strawberry Compote,Rhubarb Strawberry Compote,unknown,high
Crêpe Shell,Crêpe Shell,unknown,high
Banana Pecan Topping,Banana Pecan Topping,unknown,high
Whole Wheat Spaghetti w/ Garlic Clam Sauce,Whole Wheat Spaghetti w/ Garlic Clam Sauce,sauce,high
"Baby Arugula, Chickpea & Avocado Salad","Baby Arugula, Chickpea & Avocado Salad",veg,high
Green Chile Guacamole,Green Chile Guacamole,unknown,high
Lentil Hummus,Lentil Hummus,protein,high
Sun Dried Tomato Hummus,Sun Dried Tomato Hummus,protein,high
Green Pea Spread,Green Pea Spread,unknown,high
White Bean Spread w/Mushrooms,White Bean Spread w/Mushrooms,protein,high
"Chicken, Dill, & Potato Flatbread","Chicken, Dill, & Potato Flatbread",protein,high
"Broccolini, Swiss Chard, Mozzarella Pizza","Broccolini, Swiss Chard, Mozzarella Pizza",starch,high
Moroccan Grilled Chicken Thigh,Moroccan Grilled Chicken Thigh,protein,high
Tofu-Shiitake Stacker,Tofu-Shiitake Stacker,protein,high
Striped Bass over Black Bean Noodles in Mushroom Broth,Striped Bass over Black Bean Noodles in Mushroom Broth,protein,high
"Tempeh, Spaghetti Squash, Wheat Berry, & Mushroom Broth Bowl","Tempeh, Spaghetti Squash, Wheat Berry, & Mushroom Broth Bowl",protein,high
Charbroiled Lemon Chicken,Charbroiled Lemon Chicken,protein,high
Portobello & Asparagus Farro Risotto,Portobello & Asparagus Farro Risotto,unknown,high
Honey Wheat Flatbread w/ Strawberries & Goat Cheese,Honey Wheat Flatbread w/ Strawberries & Goat Cheese,starch,high
Garlic Flank Steak,Garlic Flank Steak,beverage,high
Grilled Portobello Mushroom,Grilled Portobello Mushroom,unknown,high
"""Ktown"" Potatoes","""Ktown"" Potatoes",starch,high
Wed - Cialda per Gelato,Wed - Cialda per Gelato,dessert,low
Prairie Midwest,Prairie Midwest,unknown,low
Midwest Pepper Steak,Midwest Pepper Steak,veg,high
Mashed Potatoes,Mashed Potatoes,starch,high
Wisconsin Beer Brats,Wisconsin Beer Brats,protein,high
Meatless Bratwurst Sandwich,Meatless Bratwurst Sandwich,unknown,high
Tillamook Ricotta & Fontina Pizza,Tillamook Ricotta & Fontina Pizza,starch,high
OMG Burger,OMG Burger,protein,high
St. Louis Pulled Pork Sandwich,St. Louis Pulled Pork Sandwich,protein,high
Minnesota Hunters Chili,Minnesota Hunters Chili,protein,high
Rice Jollof,Rice Jollof,starch,high
Honey BBQ Salmon,Honey BBQ Salmon,protein,high
Honey BBQ Beyond Beef Tips,Honey BBQ Beyond Beef Tips,protein,high
St. Louis Style Pork Ribs,St. Louis Style Pork Ribs,protein,high
Seafood Marinara Pizza,Seafood Marinara Pizza,starch,high
Honey Glazed Walnut Shrimp,Honey Glazed Walnut Shrimp,protein,high
Green Jade Delight,Green Jade Delight,unknown,high
Pork Ramen with Red Miso,Pork Ramen with Red Miso,protein,high
Vegetable Shoyu Ramen,Vegetable Shoyu Ramen,unknown,high
Vietnamese Grilled Pork Banh Mi Sandwich,Vietnamese Grilled Pork Banh Mi Sandwich,protein,high
Egg Banh Mi,Egg Banh Mi,protein,high
Black Pepper Steak Bao Bun,Black Pepper Steak Bao Bun,starch,high
Szechuan Pepper Fries,Szechuan Pepper Fries,veg,high
Chinese Almond Cookies,Chinese Almond Cookies,dessert,high
Kaldareta Beef,Kaldareta Beef,protein,high
Lumpiang Hubad Stir Fry,Lumpiang Hubad Stir Fry,protein,high
Amaranth Bowl w/ Winter Squash & Apple,Amaranth Bowl w/ Winter Squash & Apple,veg,high
Southwest Chicken & Egg White Scramble,Southwest Chicken & Egg White Scramble,protein,high
Açaí-Blackberry Topping,Açaí-Blackberry Topping,unknown,high
Crunchy French Toast w/ Pistachio Butter & Pineapple,Crunchy French Toast w/ Pistachio Butter & Pineapple,dairy,high
Celery & Apple Compote,Celery & Apple Compote,unknown,high
Banana Nut Quickbread,Banana Nut Quickbread,starch,high
Olive Oil Mocha Bread,Olive Oil Mocha Bread,starch,high
Vegan Cranberry Orange Quickbread,Vegan Cranberry Orange Quickbread,starch,high
Grilled Chicken Pasta w/ Almond Tahini Sauce,Grilled Chicken Pasta w/ Almond Tahini Sauce,protein,high
"Lemon Dill Tofu, Bulgur Wheat, & Cucumber Salad Bowl","Lemon Dill Tofu, Bulgur Wheat, & Cucumber Salad Bowl",protein,high
"Chicken, Farro, & Mixed Greens Salad","Chicken, Farro, & Mixed Greens Salad",protein,high
Corn & White Bean Chowder,Corn & White Bean Chowder,protein,high
Crostini,Crostini,unknown,high
"Lamb, Tomato, Onion & Jalapeno Flatbread","Lamb, Tomato, Onion & Jalapeno Flatbread",protein,high
Peppercorn-Crusted Portobello Stacker,Peppercorn-Crusted Portobello Stacker,veg,high
Arabic Chicken Bowl w/ Red Cabbage & Whole Wheat Pita,Arabic Chicken Bowl w/ Red Cabbage & Whole Wheat Pita,protein,high
"Lentil, Beet, Wheat Berry, & Kale Bowl","Lentil, Beet, Wheat Berry, & Kale Bowl",protein,high
Spiced Catfish w/ Cardamom Quinoa & Raita,Spiced Catfish w/ Cardamom Quinoa & Raita,protein,high
Stuffed Peppers w/ Roasted Vegetables & Farro,Stuffed Peppers w/ Roasted Vegetables & Farro,veg,high
Red Quinoa,Red Quinoa,starch,high
Canadian Ham & Swiss Cheese Flatbread,Canadian Ham & Swiss Cheese Flatbread,starch,high
Asparagus & Mushroom Flatbread,Asparagus & Mushroom Flatbread,starch,high
Grilled Mole-Spiced Turkey,Grilled Mole-Spiced Turkey,protein,high
Chocolate & Raspberry Trifle,Chocolate & Raspberry Trifle,unknown,high
Thu - Lasagna Bolognese,Thu - Lasagna Bolognese,protein,high
American Diner,American Diner,unknown,low
Macaroni & Cheese,Macaroni & Cheese,dairy,high
Country Fried Beef Steak,Country Fried Beef Steak,protein,high
Country-Style Gravy,Country-Style Gravy,unknown,high
Mushroom & Swiss Turkey Burger,Mushroom & Swiss Turkey Burger,protein,high
Country Gravy Chicken Sandwich,Country Gravy Chicken Sandwich,protein,high
Spinach Lemon Rice,Spinach Lemon Rice,starch,high
Roasted Peas and Carrots,Roasted Peas and Carrots,veg,high
Balsamic & Parmesan Broccoli Salad,Balsamic & Parmesan Broccoli Salad,veg,high
"Shrimp, Spinach, & Feta Pita","Shrimp, Spinach, & Feta Pita",protein,high
Chickpeas Fritters,Chickpeas Fritters,veg,high
Roasted Butternut Squash,Roasted Butternut Squash,veg,high
Lamb with Zaatar Pesto,Lamb with Zaatar Pesto,protein,high
Spicy Pomodoro Gnocchi,Spicy Pomodoro Gnocchi,unknown,high
Rigatoni w/ Roman Style Meat Sauce,Rigatoni w/ Roman Style Meat Sauce,sauce,high
Pistachio pesto pasta,Pistachio pesto pasta,starch,high
Spanish Salmon,Spanish Salmon,protein,high
Mallorca Lamb & Potato Saute,Mallorca Lamb & Potato Saute,protein,high
Polenta Cake w/ Sauteed Wild Mushroom & Chermoula,Polenta Cake w/ Sauteed Wild Mushroom & Chermoula,dessert,high
Pad See Eew,Pad See Eew,unknown,high
Baby Bok Choy Stir Fry,Baby Bok Choy Stir Fry,unknown,high
Vietnamese Noodle Bowl with Lemongrass Chicken,Vietnamese Noodle Bowl with Lemongrass Chicken,protein,high
Vietnamese Noodle Bowl with Tofu,Vietnamese Noodle Bowl with Tofu,protein,high
Banh Xeo (Pork and Shrimp Crepe),Banh Xeo (Pork and Shrimp Crepe),protein,high
Banh Xeo Crepe,Banh Xeo Crepe,dessert,high
Thai BBQ Chicken Sandwich,Thai BBQ Chicken Sandwich,protein,high
Mango Shrimp Ceviche,Mango Shrimp Ceviche,protein,high
Hearts of Palm Ceviche,Hearts of Palm Ceviche,unknown,high
Savory Miso Oatmeal w/Egg,Savory Miso Oatmeal w/Egg,protein,high
"Chayote, Tri-Tip & Egg Bowl","Chayote, Tri-Tip & Egg Bowl",protein,high
Nectarine Marmalade,Nectarine Marmalade,unknown,high
Carrot Pancake,Carrot Pancake,starch,high
Carrot Marmalade,Carrot Marmalade,veg,high
Orange-Papaya Marmalade,Orange-Papaya Marmalade,unknown,high
"Spaghetti, Sherry Tomato, & Chicken Quinoa Meatball","Spaghetti, Sherry Tomato, & Chicken Quinoa Meatball",protein,high
"Seasonal Field Green Salad, Mixed Grains & Avocado Bowl","Seasonal Field Green Salad, Mixed Grains & Avocado Bowl",veg,high
Kale Waldorf Salad,Kale Waldorf Salad,veg,high
Wild Mushroom & Arugula Flatbread,Wild Mushroom & Arugula Flatbread,starch,high
Orange Chipotle Herb Marinated Grilled Chicken Thigh,Orange Chipotle Herb Marinated Grilled Chicken Thigh,protein,high
Spicy Eggplant Parmesan Slider,Spicy Eggplant Parmesan Slider,protein,high
Summer Squash & Potatoes w/ Chimichurri,Summer Squash & Potatoes w/ Chimichurri,starch,high
Ahi Poke Bowl,Ahi Poke Bowl,unknown,high
Beet Poke Bowl,Beet Poke Bowl,sauce,high
Chicken Vegetable Curry,Chicken Vegetable Curry,protein,high
"Wheat Berry, Apricot & Arugula Salad","Wheat Berry, Apricot & Arugula Salad",veg,high
Chinese Kale w/ Toasted Garlic,Chinese Kale w/ Toasted Garlic,veg,high
Cajun Shrimp Flatbread w/ BBQ Sauce,Cajun Shrimp Flatbread w/ BBQ Sauce,protein,high
Sweet Chile Eggplant & Arugula Flatbread,Sweet Chile Eggplant & Arugula Flatbread,protein,high
Halal Chipotle BBQ Chicken Thigh,Halal Chipotle BBQ Chicken Thigh,protein,high
Grilled Corn,Grilled Corn,veg,high
Smash Beef Tacos,Smash Beef Tacos,protein,high
Smash Beyond Taco,Smash Beyond Taco,protein,high
Mexican Street Corn with Chorizo,Mexican Street Corn with Chorizo,veg,high
Elote (Mexican Street Corn),Elote (Mexican Street Corn),veg,high
Patty Melt,Patty Melt,protein,high
Montreal Morning,Montreal Morning,protein,high
Roasted Garlic Chicken Thigh,Roasted Garlic Chicken Thigh,protein,high
Fresh Glazed Carrots,Fresh Glazed Carrots,veg,high
Texas BBQ Beef Brisket Nachos w/ Spicy Green Chili Cheese Sauce,Texas BBQ Beef Brisket Nachos w/ Spicy Green Chili Cheese Sauce,protein,high
Buffalo Chicken Wings,Buffalo Chicken Wings,protein,high
Fried Buffalo Tofu,Fried Buffalo Tofu,protein,high
Flageolet Bean Ragout,Flageolet Bean Ragout,protein,high
Wilted Collard Greens,Wilted Collard Greens,unknown,high
Daube Beef Provençal,Daube Beef Provençal,protein,high
Seasoned Lentils,Seasoned Lentils,protein,high
Prosciutto & Onion Pizza,Prosciutto & Onion Pizza,starch,high
Japchae (Stir-Fried Glass Noodles),Japchae (Stir-Fried Glass Noodles),starch,high
Korean Veggie Japchae,Korean Veggie Japchae,protein,high
Yaki Sake (Grilled Salmon),Yaki Sake (Grilled Salmon),protein,high
Japanese Vegetable Chawanmushi,Japanese Vegetable Chawanmushi,unknown,high
Fried Chili Lamb Curry,Fried Chili Lamb Curry,protein,high
Korean Tater Tot and Bulgogi with Sriracha Taco,Korean Tater Tot and Bulgogi with Sriracha Taco,unknown,high
